date,act_symbol,expiration,strike,call_put,bid,ask,vol,delta,gamma,theta,vega,rho
2/9/19,AAPL,2/22/19,187.5,Call,0.08,0.11,0.2529,0.0296,0.008,-0.0207,0.0225,0.0019
2/9/19,AAPL,2/22/19,187.5,Put,16.95,17.45,0.2926,-0.9563,0.0115,-0.0265,0.0319,-0.0258
2/9/19,AAPL,2/22/19,195,Call,0.02,0.05,0.2818,0.0082,0.0024,-0.0077,0.0075,0.0005
2/9/19,AAPL,2/22/19,195,Put,24.35,24.95,0.334,-0.9875,0.0051,-0.0093,0.0114,-0.0116
2/9/19,AAPL,3/8/19,187.5,Call,0.32,0.36,0.2275,0.0729,0.0129,-0.0274,0.0653,0.0093
2/9/19,AAPL,3/8/19,187.5,Put,17,17.25,0.2015,-0.9726,0.0123,-0.0071,0.0337,-0.024
2/9/19,AAPL,3/8/19,195,Call,0.11,0.14,0.2476,0.0285,0.0056,-0.0139,0.0308,0.0036
2/9/19,AAPL,3/8/19,195,Put,24.35,24.65,0.2476,-0.9922,0.006,-0.0028,0.013,-0.0053
2/9/19,AAPL,3/29/19,187.5,Call,0.88,0.96,0.2211,0.1364,0.0158,-0.0324,0.1364,0.0299
2/9/19,AAPL,3/29/19,187.5,Put,17.3,17.6,0.2091,-0.8999,0.017,-0.0174,0.1105,-0.0922
2/9/19,AAPL,3/29/19,195,Call,0.34,0.39,0.2265,0.0616,0.0086,-0.0183,0.0759,0.0136
2/9/19,AAPL,3/29/19,195,Put,24.4,24.7,0.2265,-0.966,0.0101,-0.007,0.0506,-0.0445
2/16/19,AAPL,3/1/19,187.5,Call,0.05,0.07,0.2349,0.021,0.0064,-0.0144,0.0169,0.0014
2/16/19,AAPL,3/1/19,187.5,Put,17.05,17.3,0.2873,-0.9599,0.0111,-0.0241,0.0312,-0.0245
2/16/19,AAPL,3/1/19,195,Call,0.01,0.03,0.2478,0.0031,0.0012,-0.0028,0.0032,0.0002
2/16/19,AAPL,3/1/19,195,Put,24.5,24.75,0.2964,-0.9997,0.0013,0,0.0006,0
2/16/19,AAPL,3/15/19,185,Call,0.32,0.37,0.2031,0.0811,0.0157,-0.0267,0.0708,0.0103
2/16/19,AAPL,3/15/19,185,Put,14.65,14.9,0.2113,-0.9265,0.0175,-0.0192,0.0697,-0.0511
2/16/19,AAPL,3/15/19,195,Call,0.07,0.12,0.2371,0.0232,0.0049,-0.0113,0.0259,0.003
2/16/19,AAPL,3/15/19,195,Put,24.55,24.75,0.2784,-0.9693,0.0081,-0.0118,0.0347,-0.034
2/16/19,AAPL,4/18/19,185,Call,1.43,1.48,0.2071,0.1905,0.0188,-0.0344,0.1893,0.0518
2/16/19,AAPL,4/18/19,185,Put,15.35,15.6,0.2079,-0.8286,0.0202,-0.0235,0.1784,-0.136
2/16/19,AAPL,4/18/19,195,Call,0.42,0.46,0.2102,0.0702,0.0092,-0.017,0.0937,0.0192
2/16/19,AAPL,4/18/19,195,Put,24.6,24.85,0.2232,-0.9463,0.0113,-0.0091,0.0789,-0.0744
2/23/19,AAPL,3/8/19,185,Call,0.12,0.14,0.1999,0.0471,0.0145,-0.0243,0.0333,0.0031
2/23/19,AAPL,3/8/19,185,Put,12,12.55,0.2514,-0.9152,0.0202,-0.0406,0.0538,-0.0328
2/23/19,AAPL,3/8/19,190,Call,0.04,0.07,0.228,0.0197,0.0062,-0.0134,0.0162,0.0013
2/23/19,AAPL,3/8/19,190,Put,16.9,17.5,0.3053,-0.9441,0.0125,-0.0353,0.0394,-0.0299
2/23/19,AAPL,3/8/19,200,Call,0.01,0.02,0.228,0.0007,0.0003,-0.0006,0.0008,0
2/23/19,AAPL,3/8/19,200,Put,26.75,27.5,0.3053,-1,0.0001,0,0,0
2/23/19,AAPL,3/22/19,185,Call,0.41,0.45,0.184,0.1044,0.0206,-0.0298,0.0867,0.0135
2/23/19,AAPL,3/22/19,185,Put,12.1,12.4,0.1852,-0.912,0.0222,-0.0195,0.0812,-0.0535
2/23/19,AAPL,3/22/19,190,Call,0.15,0.19,0.1936,0.0455,0.0103,-0.0164,0.0457,0.0059
2/23/19,AAPL,3/22/19,190,Put,16.95,17.25,0.2085,-0.9607,0.0131,-0.0107,0.0437,-0.0343
2/23/19,AAPL,3/22/19,200,Call,0.03,0.06,0.2086,0.0071,0.002,-0.0036,0.0094,0.0009
2/23/19,AAPL,3/22/19,200,Put,26.85,27.2,0.2343,-1,0,0,0,0
2/23/19,AAPL,4/18/19,185,Call,1.4,1.42,0.1912,0.2044,0.0223,-0.0358,0.1886,0.0502
2/23/19,AAPL,4/18/19,185,Put,12.85,13.05,0.1928,-0.8125,0.0238,-0.0253,0.1844,-0.1239
2/23/19,AAPL,4/18/19,190,Call,0.68,0.71,0.1902,0.116,0.0154,-0.0243,0.1299,0.0286
2/23/19,AAPL,4/18/19,190,Put,17.15,17.45,0.1902,-0.9114,0.0173,-0.0133,0.1105,-0.0903
2/23/19,AAPL,4/18/19,200,Call,0.17,0.18,0.1981,0.0345,0.0058,-0.0097,0.0508,0.0086
2/23/19,AAPL,4/18/19,200,Put,27,27.3,0.2421,-0.9553,0.0096,-0.0094,0.0649,-0.0644
3/2/19,AAPL,3/15/19,187.5,Call,0.05,0.07,0.1783,0.0262,0.01,-0.0136,0.0208,0.0017
3/2/19,AAPL,3/15/19,187.5,Put,12.15,12.9,0.1783,-0.9926,0.0106,-0.0028,0.0101,-0.0027
3/2/19,AAPL,3/15/19,192.5,Call,0.02,0.03,0.2076,0.0105,0.0039,-0.0072,0.0095,0.0007
3/2/19,AAPL,3/15/19,192.5,Put,17.15,17.9,0.2076,-1,0,0,0,0
3/2/19,AAPL,3/15/19,200,Call,0.01,0.02,0.2076,0.0006,0.0003,-0.0005,0.0007,0
3/2/19,AAPL,3/15/19,200,Put,24.55,25.35,0.2076,-1,0,0,0,0
3/2/19,AAPL,3/29/19,187.5,Call,0.31,0.35,0.1751,0.0863,0.0186,-0.0249,0.0762,0.0113
3/2/19,AAPL,3/29/19,187.5,Put,12.5,13.05,0.192,-0.9092,0.0214,-0.0212,0.0839,-0.0557
3/2/19,AAPL,3/29/19,192.5,Call,0.09,0.13,0.1809,0.0326,0.0083,-0.0118,0.0353,0.0043
3/2/19,AAPL,3/29/19,192.5,Put,17.15,17.95,0.1947,-0.98,0.0115,-0.0053,0.0273,-0.0175
3/2/19,AAPL,3/29/19,200,Call,0.02,0.05,0.1872,0.0059,0.0019,-0.0028,0.0081,0.0008
3/2/19,AAPL,3/29/19,200,Put,24.65,25.55,0.2158,-1,0,0,0,0
3/2/19,AAPL,4/18/19,185,Call,1.32,1.37,0.179,0.2163,0.0261,-0.0376,0.184,0.0469
3/2/19,AAPL,4/18/19,185,Put,10.7,11,0.175,-0.8081,0.028,-0.0253,0.1755,-0.1083
3/2/19,AAPL,4/18/19,190,Call,0.58,0.61,0.1775,0.113,0.0172,-0.0241,0.1203,0.0247
3/2/19,AAPL,4/18/19,190,Put,15.05,15.4,0.1738,-0.9205,0.0192,-0.0119,0.0981,-0.0732
3/2/19,AAPL,4/18/19,200,Call,0.12,0.13,0.1874,0.0283,0.0055,-0.0085,0.0407,0.0062
3/2/19,AAPL,4/18/19,200,Put,24.65,25.55,0.2285,-0.9655,0.0097,-0.0077,0.0511,-0.0463
3/9/19,AAPL,3/22/19,185,Call,0.11,0.13,0.198,0.0444,0.014,-0.023,0.0317,0.0029
3/9/19,AAPL,3/22/19,185,Put,9.95,14.15,0.198,-0.9698,0.0153,-0.0121,0.0257,-0.0169
3/9/19,AAPL,3/22/19,190,Call,0.04,0.05,0.2225,0.0169,0.0056,-0.0115,0.0142,0.0011
3/9/19,AAPL,3/22/19,190,Put,15.1,19.1,0.2408,-0.9883,0.0081,-0.0063,0.0122,-0.0083
3/9/19,AAPL,3/22/19,200,Call,0.01,0.03,0.2545,0.002,0.0007,-0.002,0.0021,0.0001
3/9/19,AAPL,3/22/19,200,Put,24.95,29.1,0.33,-0.9971,0.003,-0.0027,0.0039,-0.0013
3/9/19,AAPL,4/5/19,185,Call,0.51,0.55,0.1958,0.1181,0.0211,-0.0345,0.0946,0.0152
3/9/19,AAPL,4/5/19,185,Put,12.2,12.4,0.1845,-0.9142,0.022,-0.019,0.0793,-0.0527
3/9/19,AAPL,4/5/19,190,Call,0.18,0.2,0.1984,0.049,0.0107,-0.0178,0.0486,0.0063
3/9/19,AAPL,4/5/19,190,Put,16.85,19.15,0.3156,-0.8525,0.0163,-0.0549,0.1135,-0.0755
3/9/19,AAPL,4/5/19,200,Call,0.02,0.03,0.2114,0.0076,0.0021,-0.0039,0.0101,0.001
3/9/19,AAPL,4/5/19,200,Put,25,29.1,0.2114,-1,0,0,0,0
3/9/19,AAPL,4/26/19,185,Call,1.22,1.37,0.1956,0.195,0.0223,-0.0372,0.1746,0.0435
3/9/19,AAPL,4/26/19,185,Put,11.3,14.9,0.2063,-0.8074,0.0232,-0.0297,0.1784,-0.1169
3/9/19,AAPL,4/26/19,190,Call,0.56,0.66,0.1938,0.1067,0.015,-0.0243,0.1165,0.0239
3/9/19,AAPL,4/26/19,190,Put,15.2,19.3,0.1851,-0.933,0.0165,-0.0106,0.0865,-0.0692
3/9/19,AAPL,4/26/19,200,Call,0,2.26,0.1985,0.0275,0.005,-0.0085,0.0401,0.0062
3/9/19,AAPL,4/26/19,200,Put,25.05,29.1,0.19,-1,0,0,0,0
3/16/19,AAPL,3/29/19,185,Call,3.75,3.8,0.2128,0.5749,0.0505,-0.1157,0.1428,0.0396
3/16/19,AAPL,3/29/19,185,Put,2.36,2.41,0.2056,-0.425,0.0528,-0.1003,0.1429,-0.0269
3/16/19,AAPL,3/29/19,190,Call,1.52,1.54,0.2061,0.3202,0.0476,-0.1,0.1303,0.0223
3/16/19,AAPL,3/29/19,190,Put,5.1,5.2,0.1982,-0.6919,0.0499,-0.0838,0.127,-0.0386
3/16/19,AAPL,3/29/19,192.5,Call,0.89,0.92,0.2067,0.215,0.0388,-0.0813,0.1065,0.015
3/16/19,AAPL,3/29/19,192.5,Put,6.95,7.2,0.2006,-0.7989,0.0401,-0.0659,0.103,-0.0398
3/16/19,AAPL,3/29/19,200,Call,0.19,0.2,0.2257,0.0566,0.0138,-0.0341,0.0414,0.004
3/16/19,AAPL,3/29/19,200,Put,13.75,14.35,0.2456,-0.936,0.0162,-0.0334,0.0487,-0.0314
3/16/19,AAPL,3/29/19,205,Call,0.08,0.1,0.2493,0.0265,0.0067,-0.0202,0.0223,0.0019
3/16/19,AAPL,3/29/19,205,Put,18.5,19.15,0.2493,-0.986,0.0074,-0.0079,0.0147,-0.011
3/16/19,AAPL,4/12/19,185,Call,4.9,5,0.2037,0.5673,0.0375,-0.0807,0.2027,0.0772
3/16/19,AAPL,4/12/19,185,Put,3.35,3.45,0.199,-0.4349,0.039,-0.0674,0.202,-0.0544
3/16/19,AAPL,4/12/19,190,Call,2.52,2.57,0.1958,0.3753,0.0376,-0.073,0.1955,0.0516
3/16/19,AAPL,4/12/19,190,Put,5.95,6.05,0.1904,-0.6355,0.0395,-0.0594,0.1961,-0.0716
3/16/19,AAPL,4/12/19,192.5,Call,1.71,1.75,0.1936,0.2857,0.0341,-0.0641,0.1752,0.0395
3/16/19,AAPL,4/12/19,192.5,Put,7.65,7.8,0.189,-0.7284,0.0357,-0.0506,0.1701,-0.0756
3/16/19,AAPL,4/12/19,200,Call,0.46,0.5,0.1953,0.1025,0.0178,-0.0334,0.0921,0.0143
3/16/19,AAPL,4/12/19,200,Put,13.95,14.2,0.1888,-0.9235,0.0188,-0.0189,0.0767,-0.0542
3/16/19,AAPL,4/12/19,205,Call,0.2,0.23,0.2043,0.0499,0.0098,-0.02,0.0531,0.007
3/16/19,AAPL,4/12/19,205,Put,18.7,19,0.2043,-0.9715,0.0112,-0.0083,0.0379,-0.0281
3/16/19,AAPL,5/17/19,185,Call,7.95,8.05,0.2353,0.5581,0.0223,-0.065,0.3024,0.1483
3/16/19,AAPL,5/17/19,185,Put,6.5,6.6,0.232,-0.4561,0.0224,-0.0502,0.3053,-0.1418
3/16/19,AAPL,5/17/19,190,Call,5.45,5.55,0.229,0.4446,0.0229,-0.062,0.3038,0.1215
3/16/19,AAPL,5/17/19,190,Put,9.05,9.15,0.2258,-0.5694,0.0228,-0.0465,0.3036,-0.1766
3/16/19,AAPL,5/17/19,195,Call,3.55,3.65,0.2243,0.3341,0.0215,-0.055,0.278,0.0938
3/16/19,AAPL,5/17/19,195,Put,12.2,12.3,0.2213,-0.6789,0.0212,-0.0391,0.276,-0.2102
3/16/19,AAPL,5/17/19,200,Call,2.23,2.27,0.2212,0.2368,0.0184,-0.0454,0.2377,0.0681
3/16/19,AAPL,5/17/19,200,Put,15.85,16,0.2176,-0.7754,0.0181,-0.0289,0.2292,-0.2402
3/16/19,AAPL,5/17/19,205,Call,1.34,1.37,0.2198,0.1593,0.0145,-0.0351,0.1968,0.0467
3/16/19,AAPL,5/17/19,205,Put,19.95,20.15,0.2155,-0.8518,0.0141,-0.0181,0.1851,-0.2625
3/23/19,AAPL,4/5/19,187.5,Call,6.3,6.5,0.2896,0.6466,0.0343,-0.152,0.139,0.0449
3/23/19,AAPL,4/5/19,187.5,Put,2.56,2.68,0.2854,-0.3525,0.035,-0.1378,0.1383,-0.0239
3/23/19,AAPL,4/5/19,190,Call,4.75,5.05,0.2861,0.5571,0.0369,-0.158,0.1477,0.0389
3/23/19,AAPL,4/5/19,190,Put,3.55,3.85,0.2877,-0.4444,0.0371,-0.1473,0.1484,-0.0294
3/23/19,AAPL,4/5/19,195,Call,2.59,2.76,0.2852,0.374,0.0355,-0.1492,0.1417,0.0264
3/23/19,AAPL,4/5/19,195,Put,6.35,6.55,0.2845,-0.629,0.036,-0.137,0.1423,-0.039
3/23/19,AAPL,4/5/19,197.5,Call,1.88,1.98,0.2878,0.2932,0.032,-0.1361,0.1287,0.0207
3/23/19,AAPL,4/5/19,197.5,Put,8,8.3,0.2828,-0.7142,0.0328,-0.1212,0.1304,-0.042
3/23/19,AAPL,4/5/19,205,Call,0.7,0.75,0.3066,0.1296,0.0184,-0.0882,0.079,0.0092
3/23/19,AAPL,4/5/19,205,Put,14.25,14.9,0.3122,-0.8712,0.0189,-0.0796,0.0789,-0.0425
3/23/19,AAPL,4/18/19,187.5,Call,7.3,7.6,0.2624,0.6287,0.0283,-0.1051,0.1927,0.0802
3/23/19,AAPL,4/18/19,187.5,Put,3.4,3.55,0.2568,-0.3709,0.0291,-0.091,0.1939,-0.0461
3/23/19,AAPL,4/18/19,190,Call,5.85,6.1,0.2592,0.5557,0.0299,-0.1073,0.2014,0.0713
3/23/19,AAPL,4/18/19,190,Put,4.4,4.6,0.2538,-0.4461,0.0309,-0.0934,0.202,-0.0542
3/23/19,AAPL,4/18/19,195,Call,3.55,3.7,0.2548,0.4049,0.0298,-0.1019,0.1976,0.0525
3/23/19,AAPL,4/18/19,195,Put,7.05,7.3,0.2504,-0.6015,0.0308,-0.0883,0.197,-0.0685
3/23/19,AAPL,4/18/19,197.5,Call,2.7,2.79,0.2536,0.3335,0.0281,-0.0947,0.1854,0.0434
3/23/19,AAPL,4/18/19,197.5,Put,8.65,8.95,0.2488,-0.6755,0.0291,-0.0807,0.1872,-0.0735
3/23/19,AAPL,4/18/19,205,Call,1.1,1.18,0.2581,0.1678,0.0191,-0.0657,0.1279,0.022
3/23/19,AAPL,4/18/19,205,Put,14.55,14.9,0.2504,-0.8494,0.0197,-0.0496,0.1197,-0.0737
3/23/19,AAPL,5/17/19,185,Call,11.6,11.9,0.2791,0.6482,0.0183,-0.0786,0.2771,0.1524
3/23/19,AAPL,5/17/19,185,Put,5.35,5.5,0.2755,-0.3636,0.0184,-0.0641,0.2809,-0.1038
3/23/19,AAPL,5/17/19,190,Call,8.75,8.95,0.2751,0.5521,0.0197,-0.081,0.2937,0.1327
3/23/19,AAPL,5/17/19,190,Put,7.45,7.65,0.2711,-0.4599,0.0198,-0.0655,0.2958,-0.1309
3/23/19,AAPL,5/17/19,195,Call,6.35,6.55,0.2715,0.4528,0.02,-0.0787,0.2932,0.1124
3/23/19,AAPL,5/17/19,195,Put,10.05,10.35,0.2677,-0.5589,0.0199,-0.0627,0.2931,-0.1585
3/23/19,AAPL,5/17/19,200,Call,4.5,4.65,0.2694,0.3577,0.0189,-0.0726,0.2801,0.0904
3/23/19,AAPL,5/17/19,200,Put,13.2,13.45,0.2645,-0.6544,0.0189,-0.0558,0.2786,-0.1854
3/23/19,AAPL,5/17/19,205,Call,3.05,3.2,0.2673,0.2713,0.0169,-0.0633,0.2528,0.0702
3/23/19,AAPL,5/17/19,205,Put,16.8,17.05,0.2627,-0.7398,0.0167,-0.0462,0.2417,-0.2094
3/30/19,AAPL,4/12/19,185,Call,6.35,6.55,0.2231,0.7418,0.039,-0.1052,0.1202,0.0515
3/30/19,AAPL,4/12/19,185,Put,1.2,1.32,0.2176,-0.254,0.0399,-0.0899,0.1193,-0.0172
3/30/19,AAPL,4/12/19,190,Call,2.94,3.35,0.2075,0.5151,0.0517,-0.1165,0.1482,0.0363
3/30/19,AAPL,4/12/19,190,Put,2.82,3.05,0.2016,-0.4875,0.0539,-0.1016,0.1482,-0.0308
3/30/19,AAPL,4/12/19,192.5,Call,1.94,2,0.2013,0.3844,0.051,-0.1072,0.1421,0.0272
3/30/19,AAPL,4/12/19,192.5,Put,4.1,4.45,0.1956,-0.6233,0.0532,-0.0921,0.1411,-0.037
3/30/19,AAPL,4/12/19,197.5,Call,0.6,0.69,0.1976,0.1677,0.0341,-0.0681,0.0933,0.012
3/30/19,AAPL,4/12/19,197.5,Put,7.65,8.4,0.1947,-0.8442,0.0352,-0.0543,0.0911,-0.0392
3/30/19,AAPL,4/12/19,202.5,Call,0.2,0.24,0.2102,0.0654,0.0163,-0.0365,0.0474,0.0047
3/30/19,AAPL,4/12/19,202.5,Put,11.9,13.35,0.201,-0.956,0.0164,-0.0192,0.0373,-0.0242
3/30/19,AAPL,4/26/19,185,Call,6.55,7.8,0.1918,0.7123,0.0338,-0.0704,0.1794,0.0983
3/30/19,AAPL,4/26/19,185,Put,2.24,2.48,0.2181,-0.3104,0.0311,-0.0687,0.1848,-0.0414
3/30/19,AAPL,4/26/19,190,Call,4.55,4.65,0.2117,0.5231,0.0358,-0.0858,0.2095,0.0727
3/30/19,AAPL,4/26/19,190,Put,4,4.6,0.2114,-0.4805,0.0364,-0.0738,0.2093,-0.0605
3/30/19,AAPL,4/26/19,192.5,Call,3.3,3.9,0.2183,0.4371,0.0343,-0.0863,0.2072,0.0609
3/30/19,AAPL,4/26/19,192.5,Put,5.5,5.9,0.2128,-0.5699,0.0358,-0.0723,0.2055,-0.0692
3/30/19,AAPL,4/26/19,197.5,Call,1.64,1.96,0.2108,0.2725,0.03,-0.0693,0.1747,0.0383
3/30/19,AAPL,4/26/19,197.5,Put,6.7,9.75,0.1599,-0.8066,0.0358,-0.034,0.1474,-0.0727
3/30/19,AAPL,4/26/19,202.5,Call,0.74,0.88,0.208,0.1473,0.0211,-0.0469,0.1211,0.0208
3/30/19,AAPL,4/26/19,202.5,Put,10.95,13.15,0.208,-0.8659,0.0221,-0.0349,0.1189,-0.072
3/30/19,AAPL,5/17/19,185,Call,10.05,10.15,0.2647,0.6368,0.0211,-0.0802,0.258,0.129
3/30/19,AAPL,5/17/19,185,Put,5,5.1,0.2634,-0.3772,0.021,-0.066,0.2626,-0.0921
3/30/19,AAPL,5/17/19,190,Call,7.15,7.25,0.2579,0.5264,0.0229,-0.0811,0.275,0.1106
3/30/19,AAPL,5/17/19,190,Put,7.1,7.4,0.2583,-0.4864,0.0225,-0.0665,0.2765,-0.1179
3/30/19,AAPL,5/17/19,195,Call,4.7,4.95,0.25,0.4109,0.023,-0.0755,0.2668,0.0894
3/30/19,AAPL,5/17/19,195,Put,9.6,10,0.2459,-0.6022,0.0229,-0.0591,0.2662,-0.1443
3/30/19,AAPL,5/17/19,200,Call,2.98,3.15,0.2441,0.3009,0.021,-0.0651,0.2396,0.0675
3/30/19,AAPL,5/17/19,200,Put,13.05,13.3,0.2439,-0.7081,0.0205,-0.0496,0.236,-0.1685
3/30/19,AAPL,5/17/19,205,Call,1.89,1.97,0.2442,0.211,0.0173,-0.0534,0.2078,0.0481
3/30/19,AAPL,5/17/19,205,Put,16.9,17.15,0.2421,-0.7981,0.017,-0.0371,0.2038,-0.1891
4/6/19,AAPL,4/18/19,190,Call,7.85,8,0.2236,0.8246,0.0323,-0.0966,0.0922,0.0508
4/6/19,AAPL,4/18/19,190,Put,0.75,0.8,0.2241,-0.176,0.0325,-0.0844,0.0958,-0.0107
4/6/19,AAPL,4/18/19,192.5,Call,5.85,5.95,0.2143,0.7375,0.0426,-0.1136,0.1164,0.0458
4/6/19,AAPL,4/18/19,192.5,Put,1.23,1.29,0.2155,-0.2642,0.0428,-0.102,0.1197,-0.0158
4/6/19,AAPL,4/18/19,197.5,Call,2.74,2.82,0.2066,0.4892,0.0541,-0.1291,0.1424,0.0307
4/6/19,AAPL,4/18/19,197.5,Put,3.05,3.15,0.2044,-0.5134,0.0553,-0.1156,0.1426,-0.0288
4/6/19,AAPL,4/18/19,200,Call,1.72,1.76,0.2052,0.3573,0.0509,-0.1187,0.1332,0.0225
4/6/19,AAPL,4/18/19,200,Put,4.5,4.6,0.2018,-0.6491,0.0524,-0.1044,0.1319,-0.034
4/6/19,AAPL,4/18/19,205,Call,0.58,0.6,0.2079,0.1549,0.0321,-0.0758,0.085,0.0098
4/6/19,AAPL,4/18/19,205,Put,8.35,8.55,0.2061,-0.8544,0.0329,-0.0622,0.0829,-0.0354
4/6/19,AAPL,5/3/19,190,Call,10.55,10.8,0.2961,0.6934,0.0217,-0.11,0.1915,0.0966
4/6/19,AAPL,5/3/19,190,Put,3.25,3.35,0.2947,-0.307,0.022,-0.0973,0.1912,-0.0435
4/6/19,AAPL,5/3/19,192.5,Call,8.9,9.15,0.2929,0.6365,0.0235,-0.1151,0.2048,0.0892
4/6/19,AAPL,5/3/19,192.5,Put,4.05,4.2,0.2905,-0.3642,0.0239,-0.1021,0.2071,-0.0508
4/6/19,AAPL,5/3/19,197.5,Call,6.05,6.25,0.2853,0.5127,0.0256,-0.1174,0.2175,0.0727
4/6/19,AAPL,5/3/19,197.5,Put,6.15,6.35,0.2829,-0.4901,0.0262,-0.1043,0.2175,-0.066
4/6/19,AAPL,5/3/19,200,Call,4.85,5,0.2806,0.4479,0.0258,-0.1139,0.2158,0.0639
4/6/19,AAPL,5/3/19,200,Put,7.45,7.65,0.2794,-0.5558,0.0263,-0.1013,0.217,-0.0728
4/6/19,AAPL,5/3/19,205,Call,2.98,3.1,0.2753,0.3232,0.0239,-0.1005,0.1959,0.0465
4/6/19,AAPL,5/3/19,205,Put,10.5,10.75,0.2712,-0.6849,0.0246,-0.0864,0.1918,-0.0832
4/6/19,AAPL,5/24/19,190,Call,11.3,11.7,0.2634,0.6721,0.0198,-0.0809,0.2579,0.1368
4/6/19,AAPL,5/24/19,190,Put,4.3,4.55,0.2607,-0.338,0.0197,-0.0657,0.2621,-0.0835
4/6/19,AAPL,5/24/19,192.5,Call,9.7,10.1,0.2607,0.6209,0.021,-0.0831,0.2728,0.13
4/6/19,AAPL,5/24/19,192.5,Put,5.3,5.5,0.2601,-0.3895,0.0207,-0.0683,0.2765,-0.0952
4/6/19,AAPL,5/24/19,197.5,Call,6.95,7.25,0.2548,0.5121,0.0223,-0.083,0.2865,0.1128
4/6/19,AAPL,5/24/19,197.5,Put,7.4,7.7,0.2513,-0.4975,0.0224,-0.0672,0.2872,-0.1191
4/6/19,AAPL,5/24/19,200,Call,5.7,6,0.2503,0.4557,0.0225,-0.0803,0.2837,0.1031
4/6/19,AAPL,5/24/19,200,Put,8.7,9.05,0.2489,-0.5534,0.0224,-0.0651,0.2824,-0.1305
4/6/19,AAPL,5/24/19,205,Call,3.75,4.05,0.2458,0.3468,0.0212,-0.0721,0.2693,0.0815
4/6/19,AAPL,5/24/19,205,Put,11.8,12.15,0.2452,-0.6614,0.0211,-0.0571,0.2669,-0.1524
4/13/19,AAPL,4/26/19,185,Call,14.2,14.45,0.2501,0.9358,0.0129,-0.0555,0.0489,0.0658
4/13/19,AAPL,4/26/19,185,Put,0.28,0.3,0.2526,-0.0658,0.0131,-0.0442,0.0507,-0.0048
4/13/19,AAPL,4/26/19,190,Call,9.6,9.8,0.2261,0.8587,0.0254,-0.0815,0.0872,0.0617
4/13/19,AAPL,4/26/19,190,Put,0.65,0.69,0.2285,-0.1437,0.0256,-0.0704,0.0906,-0.0104
4/13/19,AAPL,4/26/19,195,Call,5.6,5.8,0.2134,0.6965,0.0421,-0.1129,0.1361,0.0509
4/13/19,AAPL,4/26/19,195,Put,1.61,1.68,0.213,-0.3042,0.0425,-0.1002,0.1377,-0.0213
4/13/19,AAPL,4/26/19,200,Call,2.68,2.78,0.2041,0.461,0.05,-0.1189,0.1546,0.0341
4/13/19,AAPL,4/26/19,200,Put,3.6,3.75,0.2034,-0.5421,0.0508,-0.1061,0.1543,-0.0352
4/13/19,AAPL,4/26/19,202.5,Call,1.7,1.77,0.2017,0.3395,0.0466,-0.1073,0.1426,0.0252
4/13/19,AAPL,4/26/19,202.5,Put,5.15,5.3,0.2037,-0.6632,0.047,-0.0962,0.1424,-0.0405
4/13/19,AAPL,5/10/19,185,Call,15.9,16.15,0.3224,0.8137,0.0156,-0.097,0.1488,0.1008
4/13/19,AAPL,5/10/19,185,Put,1.97,2.07,0.3177,-0.1989,0.0161,-0.0844,0.1568,-0.03
4/13/19,AAPL,5/10/19,190,Call,12.05,12.25,0.3125,0.7259,0.0199,-0.1137,0.1831,0.0919
4/13/19,AAPL,5/10/19,190,Put,3.15,3.25,0.3078,-0.289,0.0203,-0.0995,0.1915,-0.0435
4/13/19,AAPL,5/10/19,195,Call,8.65,8.85,0.3026,0.6177,0.0235,-0.1237,0.2091,0.0799
4/13/19,AAPL,5/10/19,195,Put,4.75,4.9,0.2959,-0.3984,0.0239,-0.1069,0.2136,-0.0599
4/13/19,AAPL,5/10/19,200,Call,5.85,6,0.293,0.4949,0.0254,-0.1235,0.2172,0.0652
4/13/19,AAPL,5/10/19,200,Put,7,7.2,0.2876,-0.5223,0.0254,-0.1053,0.2178,-0.0786
4/13/19,AAPL,5/10/19,202.5,Call,4.7,4.85,0.2895,0.4316,0.0253,-0.1195,0.2156,0.0576
4/13/19,AAPL,5/10/19,202.5,Put,8.4,8.6,0.2848,-0.5852,0.0251,-0.1009,0.2156,-0.0882
4/13/19,AAPL,5/31/19,185,Call,16.55,16.75,0.2801,0.7822,0.0152,-0.0738,0.2148,0.1518
4/13/19,AAPL,5/31/19,185,Put,2.7,2.76,0.2765,-0.2242,0.015,-0.0585,0.2213,-0.0568
4/13/19,AAPL,5/31/19,190,Call,12.8,12.95,0.2698,0.7001,0.0184,-0.0808,0.2496,0.1471
4/13/19,AAPL,5/31/19,190,Put,3.95,4.1,0.2685,-0.3067,0.0182,-0.066,0.2526,-0.0764
4/13/19,AAPL,5/31/19,195,Call,9.55,9.7,0.2629,0.602,0.0207,-0.0846,0.2803,0.1351
4/13/19,AAPL,5/31/19,195,Put,5.7,5.85,0.261,-0.404,0.0207,-0.0699,0.2819,-0.098
4/13/19,AAPL,5/31/19,200,Call,6.8,6.9,0.2553,0.4952,0.0219,-0.0831,0.2906,0.117
4/13/19,AAPL,5/31/19,200,Put,8,8.2,0.2564,-0.5109,0.0218,-0.0695,0.29,-0.1198
4/13/19,AAPL,5/31/19,202.5,Call,5.65,5.75,0.2524,0.4407,0.0218,-0.0804,0.2854,0.1062
4/13/19,AAPL,5/31/19,202.5,Put,9.35,9.5,0.2523,-0.5657,0.0219,-0.0666,0.2846,-0.1303
4/20/19,AAPL,5/3/19,190,Call,15,15.3,0.3445,0.8551,0.016,-0.1192,0.0941,0.0654
4/20/19,AAPL,5/3/19,190,Put,1.05,1.18,0.3468,-0.1464,0.016,-0.1075,0.0948,-0.0127
4/20/19,AAPL,5/3/19,195,Call,11,11.2,0.3354,0.759,0.0225,-0.1539,0.1287,0.059
4/20/19,AAPL,5/3/19,195,Put,2.02,2.1,0.3365,-0.2421,0.0226,-0.142,0.1293,-0.0193
4/20/19,AAPL,5/3/19,200,Call,7.55,7.7,0.3278,0.6318,0.0278,-0.1787,0.1557,0.0498
4/20/19,AAPL,5/3/19,200,Put,3.5,3.65,0.3282,-0.3692,0.028,-0.1664,0.1576,-0.0287
4/20/19,AAPL,5/3/19,205,Call,4.75,4.9,0.3195,0.4849,0.0302,-0.182,0.1647,0.0386
4/20/19,AAPL,5/3/19,205,Put,5.7,5.85,0.3198,-0.5167,0.0305,-0.1697,0.1652,-0.0387
4/20/19,AAPL,5/17/19,185,Call,20,20.2,0.3178,0.8826,0.0116,-0.0775,0.111,0.0927
4/20/19,AAPL,5/17/19,185,Put,1.12,1.15,0.3063,-0.1252,0.0118,-0.0608,0.1223,-0.0196
4/20/19,AAPL,5/17/19,190,Call,15.65,15.85,0.3026,0.8187,0.0162,-0.0944,0.1536,0.0914
4/20/19,AAPL,5/17/19,190,Put,1.82,1.86,0.293,-0.1911,0.0163,-0.0765,0.1596,-0.0296
4/20/19,AAPL,5/17/19,195,Call,11.65,11.85,0.2878,0.7307,0.0212,-0.1086,0.1904,0.0861
4/20/19,AAPL,5/17/19,195,Put,2.91,2.97,0.2816,-0.2819,0.0211,-0.0904,0.1935,-0.043
4/20/19,AAPL,5/17/19,200,Call,8.25,8.4,0.2779,0.616,0.0251,-0.1176,0.2186,0.0774
4/20/19,AAPL,5/17/19,200,Put,4.55,4.65,0.2734,-0.3968,0.0249,-0.0992,0.2222,-0.0593
4/20/19,AAPL,5/17/19,205,Call,5.5,5.6,0.27,0.4858,0.0267,-0.1163,0.2263,0.0654
4/20/19,AAPL,5/17/19,205,Put,6.8,6.95,0.2655,-0.5259,0.0265,-0.0977,0.2272,-0.0766
4/20/19,AAPL,6/21/19,185,Call,20.9,21.1,0.256,0.8344,0.0116,-0.0535,0.2159,0.2565
4/20/19,AAPL,6/21/19,185,Put,2.02,2.06,0.256,-0.1674,0.0116,-0.0404,0.2173,-0.057
4/20/19,AAPL,6/21/19,190,Call,16.8,17,0.2454,0.7724,0.0146,-0.0595,0.2571,0.2451
4/20/19,AAPL,6/21/19,190,Put,2.94,3.05,0.248,-0.2316,0.0146,-0.0472,0.2585,-0.0777
4/20/19,AAPL,6/21/19,195,Call,13.15,13.35,0.2395,0.6925,0.0174,-0.0653,0.3009,0.2243
4/20/19,AAPL,6/21/19,195,Put,4.25,4.35,0.2406,-0.3109,0.0175,-0.0525,0.3036,-0.1018
4/20/19,AAPL,6/21/19,200,Call,9.95,10.1,0.2333,0.6003,0.0195,-0.068,0.3295,0.1974
4/20/19,AAPL,6/21/19,200,Put,6,6.15,0.2344,-0.4042,0.0198,-0.0552,0.3297,-0.1286
4/20/19,AAPL,6/21/19,205,Call,7.2,7.35,0.2276,0.4994,0.0207,-0.0673,0.3408,0.1665
4/20/19,AAPL,6/21/19,205,Put,8.3,8.45,0.2299,-0.5064,0.0209,-0.0547,0.3396,-0.154
4/27/19,AAPL,5/10/19,185,Call,19.9,20.2,0.4005,0.9145,0.0104,-0.1058,0.0626,0.0511
4/27/19,AAPL,5/10/19,185,Put,0.66,0.71,0.384,-0.0927,0.0109,-0.0897,0.068,-0.0071
4/27/19,AAPL,5/10/19,190,Call,15.4,15.65,0.3779,0.8567,0.0158,-0.1393,0.0879,0.0495
4/27/19,AAPL,5/10/19,190,Put,1.17,1.24,0.3634,-0.1541,0.0165,-0.1211,0.0964,-0.0117
4/27/19,AAPL,5/10/19,195,Call,11.3,11.5,0.3626,0.7651,0.0223,-0.1766,0.1229,0.0457
4/27/19,AAPL,5/10/19,195,Put,2.09,2.17,0.348,-0.2487,0.023,-0.1542,0.1249,-0.0188
4/27/19,AAPL,5/10/19,200,Call,7.75,7.9,0.3494,0.6406,0.028,-0.2025,0.1481,0.04
4/27/19,AAPL,5/10/19,200,Put,3.6,3.7,0.3371,-0.3768,0.0284,-0.1778,0.1522,-0.0281
4/27/19,AAPL,5/10/19,205,Call,4.85,5,0.3372,0.4928,0.0308,-0.2054,0.1572,0.0321
4/27/19,AAPL,5/10/19,205,Put,5.8,5.95,0.3276,-0.5259,0.0307,-0.1793,0.158,-0.0385
4/27/19,AAPL,5/24/19,185,Call,20.25,20.5,0.3297,0.8821,0.0121,-0.0854,0.11,0.0821
4/27/19,AAPL,5/24/19,185,Put,1.08,1.14,0.3143,-0.1219,0.0115,-0.0626,0.1204,-0.0185
4/27/19,AAPL,5/24/19,190,Call,15.9,16.05,0.3104,0.8198,0.0165,-0.1007,0.1504,0.087
4/27/19,AAPL,5/24/19,190,Put,1.77,1.82,0.3003,-0.186,0.0159,-0.0787,0.1487,-0.0279
4/27/19,AAPL,5/24/19,195,Call,11.9,12.1,0.2966,0.73,0.021,-0.1145,0.183,0.0882
4/27/19,AAPL,5/24/19,195,Put,2.83,2.89,0.2884,-0.2743,0.0206,-0.0934,0.1869,-0.0404
4/27/19,AAPL,5/24/19,200,Call,8.45,8.6,0.2841,0.6179,0.0247,-0.1211,0.2134,0.0823
4/27/19,AAPL,5/24/19,200,Put,4.4,4.5,0.2787,-0.3866,0.0246,-0.1027,0.2149,-0.0555
4/27/19,AAPL,5/24/19,205,Call,5.6,5.75,0.2737,0.49,0.0263,-0.1184,0.2254,0.0697
4/27/19,AAPL,5/24/19,205,Put,6.65,6.75,0.2723,-0.5148,0.0263,-0.1032,0.2254,-0.0708
4/27/19,AAPL,6/21/19,185,Call,21.1,21.3,0.27,0.84,0.0113,-0.0573,0.194,0.2298
4/27/19,AAPL,6/21/19,185,Put,1.87,1.9,0.2688,-0.1594,0.0114,-0.0444,0.2022,-0.0477
4/27/19,AAPL,6/21/19,190,Call,16.95,17.15,0.258,0.7802,0.0145,-0.0646,0.2417,0.2181
4/27/19,AAPL,6/21/19,190,Put,2.76,2.79,0.2591,-0.2222,0.0145,-0.052,0.2422,-0.0656
4/27/19,AAPL,6/21/19,195,Call,13.2,13.4,0.2494,0.7018,0.0175,-0.0709,0.2758,0.1996
4/27/19,AAPL,6/21/19,195,Put,4,4.05,0.2507,-0.3013,0.0176,-0.0583,0.2765,-0.0873
4/27/19,AAPL,6/21/19,200,Call,9.95,10.1,0.2431,0.6083,0.0199,-0.0748,0.3086,0.1755
4/27/19,AAPL,6/21/19,200,Put,5.7,5.8,0.2444,-0.3956,0.0201,-0.062,0.3088,-0.1112
4/27/19,AAPL,6/21/19,205,Call,7.15,7.35,0.2371,0.5053,0.0212,-0.0743,0.3189,0.1477
4/27/19,AAPL,6/21/19,205,Put,7.95,8.05,0.2391,-0.4998,0.0214,-0.0617,0.3183,-0.135
5/4/19,AAPL,5/17/19,190,Call,21.75,21.9,0.281,0.9912,0.0027,-0.026,0.0106,0.0318
5/4/19,AAPL,5/17/19,190,Put,0.11,0.12,0.281,-0.0256,0.0051,-0.0244,0.0247,-0.0021
5/4/19,AAPL,5/17/19,197.5,Call,14.3,14.55,0.23,0.9668,0.0102,-0.0459,0.0321,0.0351
5/4/19,AAPL,5/17/19,197.5,Put,0.25,0.28,0.2277,-0.0637,0.0133,-0.041,0.0515,-0.0052
5/4/19,AAPL,5/17/19,202.5,Call,9.5,9.7,0.1982,0.9095,0.0253,-0.0732,0.0676,0.0362
5/4/19,AAPL,5/17/19,202.5,Put,0.62,0.65,0.2051,-0.1434,0.0268,-0.0667,0.0963,-0.011
5/4/19,AAPL,5/31/19,190,Call,21.75,22.05,0.2359,0.9774,0.0061,-0.0334,0.0334,0.0486
5/4/19,AAPL,5/31/19,190,Put,0.31,0.33,0.2424,-0.0523,0.0076,-0.0263,0.0625,-0.0087
5/4/19,AAPL,5/31/19,197.5,Call,14.6,14.9,0.2161,0.9007,0.0182,-0.0639,0.1035,0.0833
5/4/19,AAPL,5/31/19,197.5,Put,0.72,0.75,0.2121,-0.1178,0.016,-0.0422,0.1208,-0.0181
5/4/19,AAPL,5/31/19,202.5,Call,10.2,10.4,0.1972,0.805,0.0278,-0.0769,0.1603,0.0987
5/4/19,AAPL,5/31/19,202.5,Put,1.38,1.43,0.1977,-0.2094,0.0251,-0.0567,0.1683,-0.0315
5/4/19,AAPL,6/21/19,190,Call,22.3,22.5,0.2281,0.9117,0.0099,-0.0431,0.1251,0.221
5/4/19,AAPL,6/21/19,190,Put,0.75,0.78,0.2274,-0.0904,0.0093,-0.028,0.1273,-0.0246
5/4/19,AAPL,6/21/19,195,Call,17.8,18,0.2172,0.8582,0.0134,-0.0497,0.1735,0.219
5/4/19,AAPL,6/21/19,195,Put,1.21,1.24,0.2149,-0.1398,0.0135,-0.0359,0.1807,-0.0374
5/4/19,AAPL,6/21/19,205,Call,9.85,10,0.198,0.6843,0.0233,-0.0651,0.2802,0.1813
5/4/19,AAPL,6/21/19,205,Put,3.2,3.3,0.1971,-0.318,0.0238,-0.0514,0.2806,-0.081
5/10/19,AAPL,5/24/19,190,Call,9.2,9.45,0.3156,0.7411,0.0266,-0.1502,0.1249,0.0524
5/10/19,AAPL,5/24/19,190,Put,1.81,1.89,0.306,-0.2533,0.0273,-0.1323,0.1217,-0.0181
5/10/19,AAPL,5/24/19,192.5,Call,7.35,7.55,0.3036,0.6736,0.0308,-0.1596,0.1392,0.0481
5/10/19,AAPL,5/24/19,192.5,Put,2.44,2.55,0.2965,-0.3237,0.0316,-0.1435,0.1369,-0.0228
5/10/19,AAPL,5/24/19,197.5,Call,4.25,4.45,0.2867,0.5064,0.036,-0.1643,0.154,0.0366
5/10/19,AAPL,5/24/19,197.5,Put,4.3,4.45,0.2787,-0.4957,0.0374,-0.1479,0.154,-0.0333
5/10/19,AAPL,5/24/19,200,Call,3.05,3.2,0.2782,0.4145,0.0363,-0.155,0.1504,0.0301
5/10/19,AAPL,5/24/19,200,Put,5.6,5.75,0.2716,-0.5905,0.0375,-0.1391,0.1508,-0.0384
5/10/19,AAPL,5/24/19,205,Call,1.42,1.51,0.2694,0.2442,0.0302,-0.1198,0.1211,0.0179
5/10/19,AAPL,5/24/19,205,Put,8.9,9.15,0.2611,-0.7677,0.0311,-0.102,0.1188,-0.0441
5/10/19,AAPL,6/7/19,190,Call,10.3,10.55,0.2764,0.7081,0.0228,-0.1014,0.1875,0.0991
5/10/19,AAPL,6/7/19,190,Put,2.74,2.86,0.2714,-0.2899,0.0233,-0.0873,0.1909,-0.0409
5/10/19,AAPL,6/7/19,192.5,Call,8.55,8.75,0.2688,0.6501,0.0252,-0.1053,0.2022,0.0917
5/10/19,AAPL,6/7/19,192.5,Put,3.45,3.6,0.2641,-0.3494,0.0259,-0.0913,0.2008,-0.0487
5/10/19,AAPL,6/7/19,197.5,Call,5.5,5.7,0.2559,0.5157,0.0285,-0.106,0.2177,0.0737
5/10/19,AAPL,6/7/19,197.5,Put,5.4,5.55,0.2513,-0.4874,0.0295,-0.0922,0.2176,-0.0649
5/10/19,AAPL,6/7/19,200,Call,4.25,4.45,0.2502,0.4432,0.0289,-0.102,0.2156,0.0637
5/10/19,AAPL,6/7/19,200,Put,6.65,6.85,0.2468,-0.5619,0.0298,-0.0886,0.2133,-0.0724
5/10/19,AAPL,6/7/19,205,Call,2.4,2.53,0.2427,0.3026,0.0263,-0.0865,0.1906,0.0439
5/10/19,AAPL,6/7/19,205,Put,9.75,9.95,0.2372,-0.7087,0.0274,-0.0719,0.1913,-0.0827
5/10/19,AAPL,6/28/19,190,Call,11.8,12,0.2599,0.6818,0.019,-0.0768,0.2577,0.1645
5/10/19,AAPL,6/28/19,190,Put,3.9,4.05,0.2549,-0.3176,0.0196,-0.0632,0.2621,-0.0775
5/10/19,AAPL,6/28/19,192.5,Call,10.1,10.3,0.2543,0.6333,0.0205,-0.0785,0.2719,0.1539
5/10/19,AAPL,6/28/19,192.5,Put,4.65,4.85,0.2484,-0.3673,0.0213,-0.0646,0.2731,-0.0886
5/10/19,AAPL,6/28/19,197.5,Call,7.1,7.25,0.2432,0.5256,0.0227,-0.078,0.2876,0.1295
5/10/19,AAPL,6/28/19,197.5,Put,6.7,6.85,0.2395,-0.479,0.0235,-0.0647,0.2874,-0.1107
5/10/19,AAPL,6/28/19,200,Call,5.85,6,0.2398,0.4684,0.023,-0.0763,0.2873,0.116
5/10/19,AAPL,6/28/19,200,Put,7.85,8.1,0.2341,-0.5388,0.024,-0.0623,0.2872,-0.1211
5/10/19,AAPL,6/28/19,205,Call,3.75,3.9,0.232,0.3537,0.0222,-0.0681,0.2686,0.0885
5/10/19,AAPL,6/28/19,205,Put,10.85,11.05,0.228,-0.6578,0.0232,-0.0545,0.2666,-0.1366
5/11/19,AAPL,5/24/19,190,Call,9.2,9.45,0.3156,0.7411,0.0266,-0.1502,0.1249,0.0524
5/11/19,AAPL,5/24/19,190,Put,1.81,1.89,0.306,-0.2533,0.0273,-0.1323,0.1217,-0.0181
5/11/19,AAPL,5/24/19,192.5,Call,7.35,7.55,0.3036,0.6736,0.0308,-0.1596,0.1392,0.0481
5/11/19,AAPL,5/24/19,192.5,Put,2.44,2.55,0.2965,-0.3237,0.0316,-0.1435,0.1369,-0.0228
5/11/19,AAPL,5/24/19,197.5,Call,4.25,4.45,0.2867,0.5064,0.036,-0.1643,0.154,0.0366
5/11/19,AAPL,5/24/19,197.5,Put,4.3,4.45,0.2787,-0.4957,0.0374,-0.1479,0.154,-0.0333
5/11/19,AAPL,5/24/19,200,Call,3.05,3.2,0.2782,0.4145,0.0363,-0.155,0.1504,0.0301
5/11/19,AAPL,5/24/19,200,Put,5.6,5.75,0.2716,-0.5905,0.0375,-0.1391,0.1508,-0.0384
5/11/19,AAPL,5/24/19,205,Call,1.42,1.51,0.2694,0.2442,0.0302,-0.1198,0.1211,0.0179
5/11/19,AAPL,5/24/19,205,Put,8.9,9.15,0.2611,-0.7677,0.0311,-0.102,0.1188,-0.0441
5/11/19,AAPL,6/7/19,190,Call,10.3,10.55,0.2764,0.7081,0.0228,-0.1014,0.1875,0.0991
5/11/19,AAPL,6/7/19,190,Put,2.74,2.86,0.2714,-0.2899,0.0233,-0.0873,0.1909,-0.0409
5/11/19,AAPL,6/7/19,192.5,Call,8.55,8.75,0.2688,0.6501,0.0252,-0.1053,0.2022,0.0917
5/11/19,AAPL,6/7/19,192.5,Put,3.45,3.6,0.2641,-0.3494,0.0259,-0.0913,0.2008,-0.0487
5/11/19,AAPL,6/7/19,197.5,Call,5.5,5.7,0.2559,0.5157,0.0285,-0.106,0.2177,0.0737
5/11/19,AAPL,6/7/19,197.5,Put,5.4,5.55,0.2513,-0.4874,0.0295,-0.0922,0.2176,-0.0649
5/11/19,AAPL,6/7/19,200,Call,4.25,4.45,0.2502,0.4432,0.0289,-0.102,0.2156,0.0637
5/11/19,AAPL,6/7/19,200,Put,6.65,6.85,0.2468,-0.5619,0.0298,-0.0886,0.2133,-0.0724
5/11/19,AAPL,6/7/19,205,Call,2.4,2.53,0.2427,0.3026,0.0263,-0.0865,0.1906,0.0439
5/11/19,AAPL,6/7/19,205,Put,9.75,9.95,0.2372,-0.7087,0.0274,-0.0719,0.1913,-0.0827
5/11/19,AAPL,6/28/19,190,Call,11.8,12,0.2599,0.6818,0.019,-0.0768,0.2577,0.1645
5/11/19,AAPL,6/28/19,190,Put,3.9,4.05,0.2549,-0.3176,0.0196,-0.0632,0.2621,-0.0775
5/11/19,AAPL,6/28/19,192.5,Call,10.1,10.3,0.2543,0.6333,0.0205,-0.0785,0.2719,0.1539
5/11/19,AAPL,6/28/19,192.5,Put,4.65,4.85,0.2484,-0.3673,0.0213,-0.0646,0.2731,-0.0886
5/11/19,AAPL,6/28/19,197.5,Call,7.1,7.25,0.2432,0.5256,0.0227,-0.078,0.2876,0.1295
5/11/19,AAPL,6/28/19,197.5,Put,6.7,6.85,0.2395,-0.479,0.0235,-0.0647,0.2874,-0.1107
5/11/19,AAPL,6/28/19,200,Call,5.85,6,0.2398,0.4684,0.023,-0.0763,0.2873,0.116
5/11/19,AAPL,6/28/19,200,Put,7.85,8.1,0.2341,-0.5388,0.024,-0.0623,0.2872,-0.1211
5/11/19,AAPL,6/28/19,205,Call,3.75,3.9,0.232,0.3537,0.0222,-0.0681,0.2686,0.0885
5/11/19,AAPL,6/28/19,205,Put,10.85,11.05,0.228,-0.6578,0.0232,-0.0545,0.2666,-0.1366
5/18/19,AAPL,5/31/19,185,Call,6.7,6.9,0.3015,0.6583,0.0329,-0.1544,0.1358,0.0451
5/18/19,AAPL,5/31/19,185,Put,2.58,2.64,0.2997,-0.3417,0.0333,-0.1419,0.1366,-0.023
5/18/19,AAPL,5/31/19,190,Call,3.6,3.8,0.277,0.479,0.0389,-0.1518,0.1474,0.0333
5/18/19,AAPL,5/31/19,190,Put,4.5,4.65,0.2798,-0.5225,0.0389,-0.142,0.1479,-0.0334
5/18/19,AAPL,5/31/19,192.5,Call,2.51,2.68,0.2713,0.3817,0.038,-0.1415,0.1411,0.0267
5/18/19,AAPL,5/31/19,192.5,Put,5.85,6.05,0.2724,-0.6204,0.0383,-0.1306,0.1406,-0.0381
5/18/19,AAPL,5/31/19,197.5,Call,1.06,1.16,0.262,0.2079,0.0296,-0.1019,0.106,0.0146
5/18/19,AAPL,5/31/19,197.5,Put,9.35,9.55,0.2609,-0.7979,0.0301,-0.0895,0.1052,-0.0424
5/18/19,AAPL,5/31/19,202.5,Call,0.36,0.44,0.257,0.0922,0.0174,-0.0573,0.0612,0.0065
5/18/19,AAPL,5/31/19,202.5,Put,13.65,14.1,0.2736,-0.9001,0.0187,-0.056,0.0679,-0.0387
5/18/19,AAPL,6/14/19,185,Call,8.3,8.55,0.2908,0.6291,0.0248,-0.1102,0.1978,0.0847
5/18/19,AAPL,6/14/19,185,Put,4.05,4.2,0.2923,-0.373,0.025,-0.0993,0.199,-0.05
5/18/19,AAPL,6/14/19,190,Call,5.45,5.55,0.2781,0.4978,0.0274,-0.1097,0.2088,0.0679
5/18/19,AAPL,6/14/19,190,Put,6.1,6.25,0.2783,-0.5049,0.0278,-0.0983,0.2091,-0.0649
5/18/19,AAPL,6/14/19,192.5,Call,4.25,4.4,0.2735,0.4288,0.0274,-0.1056,0.2055,0.0588
5/18/19,AAPL,6/14/19,192.5,Put,7.4,7.55,0.2723,-0.5752,0.0279,-0.0935,0.2048,-0.0716
5/18/19,AAPL,6/14/19,197.5,Call,2.41,2.49,0.2627,0.2938,0.0251,-0.0882,0.1802,0.0407
5/18/19,AAPL,6/14/19,197.5,Put,10.55,10.8,0.2651,-0.7102,0.0254,-0.0776,0.1834,-0.0808
5/18/19,AAPL,6/14/19,202.5,Call,1.26,1.32,0.257,0.1821,0.0197,-0.0658,0.1383,0.0254
5/18/19,AAPL,6/14/19,202.5,Put,14.35,14.6,0.2551,-0.8286,0.0203,-0.0531,0.1361,-0.0803
5/18/19,AAPL,7/19/19,185,Call,10.95,11.25,0.2745,0.6113,0.0178,-0.0728,0.3009,0.1802
5/18/19,AAPL,7/19/19,185,Put,6.3,6.4,0.2747,-0.392,0.0181,-0.0612,0.3035,-0.1168
5/18/19,AAPL,7/19/19,190,Call,8.15,8.3,0.2654,0.5186,0.0191,-0.0721,0.3129,0.155
5/18/19,AAPL,7/19/19,190,Put,8.45,8.55,0.2663,-0.4861,0.0195,-0.0606,0.3128,-0.14
5/18/19,AAPL,7/19/19,195,Call,5.75,5.9,0.2566,0.4211,0.0194,-0.0677,0.3071,0.1273
5/18/19,AAPL,7/19/19,195,Put,11.05,11.15,0.2575,-0.5856,0.0199,-0.0561,0.3086,-0.1596
5/18/19,AAPL,7/19/19,200,Call,3.9,4,0.2495,0.3256,0.0184,-0.06,0.2828,0.0994
5/18/19,AAPL,7/19/19,200,Put,14.15,14.3,0.2494,-0.6844,0.019,-0.048,0.2778,-0.1724
5/25/19,AAPL,6/7/19,185,Call,1.67,1.72,0.2782,0.2864,0.0349,-0.1219,0.1192,0.019
5/25/19,AAPL,6/7/19,185,Put,7.4,7.55,0.2695,-0.724,0.0361,-0.1059,0.1156,-0.0394
5/25/19,AAPL,6/7/19,192.5,Call,0.34,0.41,0.2671,0.0886,0.0171,-0.0547,0.0562,0.0059
5/25/19,AAPL,6/7/19,192.5,Put,13.55,13.8,0.2433,-0.9408,0.0162,-0.0298,0.0439,-0.0293
5/25/19,AAPL,6/7/19,197.5,Call,0.1,0.13,0.2657,0.0322,0.0077,-0.0244,0.0253,0.0022
5/25/19,AAPL,6/7/19,197.5,Put,18.35,18.6,0.2657,-0.9786,0.0083,-0.0127,0.0198,-0.0165
5/25/19,AAPL,6/7/19,205,Call,0.04,0.05,0.3031,0.0124,0.003,-0.0124,0.0113,0.0008
5/25/19,AAPL,6/7/19,205,Put,25.8,26.05,0.3031,-0.9986,0.0021,0,0.0026,0
5/25/19,AAPL,6/21/19,185,Call,3.1,3.25,0.2769,0.356,0.0272,-0.0954,0.1847,0.0464
5/25/19,AAPL,6/21/19,185,Put,8.7,8.85,0.2699,-0.6529,0.0282,-0.0817,0.1825,-0.0738
5/25/19,AAPL,6/21/19,192.5,Call,1.13,1.17,0.2607,0.1717,0.0197,-0.0608,0.1262,0.0227
5/25/19,AAPL,6/21/19,192.5,Put,14.2,14.4,0.2514,-0.8471,0.0204,-0.0454,0.1166,-0.0745
5/25/19,AAPL,6/21/19,197.5,Call,0.51,0.55,0.2561,0.0922,0.013,-0.0386,0.082,0.0123
5/25/19,AAPL,6/21/19,197.5,Put,18.65,18.85,0.2442,-0.9323,0.0133,-0.0223,0.0656,-0.0555
5/25/19,AAPL,6/21/19,205,Call,0.14,0.18,0.2576,0.0328,0.0057,-0.0171,0.0363,0.0044
5/25/19,AAPL,6/21/19,205,Put,25.85,26.1,0.2576,-0.9854,0.0067,-0.0057,0.0213,-0.017
5/25/19,AAPL,7/19/19,185,Call,5.4,5.55,0.2767,0.4145,0.0201,-0.0723,0.2732,0.1054
5/25/19,AAPL,7/19/19,185,Put,10.7,10.9,0.274,-0.593,0.0208,-0.0604,0.2703,-0.1371
5/25/19,AAPL,7/19/19,190,Call,3.55,3.65,0.267,0.3146,0.019,-0.063,0.2489,0.0809
5/25/19,AAPL,7/19/19,190,Put,13.85,14,0.2632,-0.6975,0.0198,-0.0505,0.2478,-0.1485
5/25/19,AAPL,7/19/19,195,Call,2.22,2.26,0.2589,0.2245,0.0165,-0.0512,0.21,0.0582
5/25/19,AAPL,7/19/19,195,Put,17.55,17.7,0.2554,-0.7916,0.0173,-0.0386,0.2016,-0.1481
5/25/19,AAPL,7/19/19,205,Call,0.76,0.8,0.2509,0.0979,0.0098,-0.0283,0.1211,0.0257
5/25/19,AAPL,7/19/19,205,Put,26,26.4,0.2326,-0.9451,0.0104,-0.0112,0.082,-0.0797
6/1/19,AAPL,6/14/19,187.5,Call,0.39,0.43,0.2627,0.0985,0.0193,-0.057,0.0595,0.0065
6/1/19,AAPL,6/14/19,187.5,Put,12.7,12.9,0.2761,-0.8963,0.0204,-0.0539,0.0632,-0.0363
6/1/19,AAPL,6/14/19,192.5,Call,0.12,0.16,0.2678,0.0387,0.0091,-0.028,0.0287,0.0025
6/1/19,AAPL,6/14/19,192.5,Put,17.45,17.65,0.2925,-0.9549,0.0113,-0.0282,0.0331,-0.0272
6/1/19,AAPL,6/14/19,202.5,Call,0,0.07,0.3122,0.0098,0.0024,-0.0101,0.0089,0.0006
6/1/19,AAPL,6/14/19,202.5,Put,27.4,27.6,0.3797,-0.9795,0.0053,-0.0184,0.0175,-0.0196
6/1/19,AAPL,6/28/19,187.5,Call,1.32,1.36,0.2671,0.1936,0.0212,-0.0657,0.1331,0.025
6/1/19,AAPL,6/28/19,187.5,Put,13.5,13.65,0.2733,-0.8084,0.0217,-0.0575,0.1373,-0.0764
6/1/19,AAPL,6/28/19,192.5,Call,0.61,0.65,0.2621,0.1065,0.0145,-0.0429,0.0891,0.0138
6/1/19,AAPL,6/28/19,192.5,Put,17.8,17.95,0.2683,-0.8987,0.0153,-0.0345,0.0886,-0.0667
6/1/19,AAPL,6/28/19,202.5,Call,0.12,0.16,0.2679,0.0287,0.0051,-0.0156,0.0318,0.0037
6/1/19,AAPL,6/28/19,202.5,Put,26.9,28.05,0.2858,-0.9775,0.0067,-0.0095,0.0276,-0.0282
6/1/19,AAPL,7/19/19,185,Call,3.4,3.55,0.274,0.3206,0.0204,-0.0678,0.2295,0.0707
6/1/19,AAPL,7/19/19,185,Put,12.85,12.95,0.2746,-0.6864,0.0209,-0.057,0.2268,-0.1282
6/1/19,AAPL,7/19/19,195,Call,1.17,1.21,0.2585,0.1455,0.0138,-0.0403,0.1465,0.0326
6/1/19,AAPL,7/19/19,195,Put,20.65,20.8,0.2621,-0.8654,0.0146,-0.0303,0.1423,-0.1182
6/1/19,AAPL,7/19/19,200,Call,0.67,0.69,0.2574,0.0919,0.01,-0.0288,0.1058,0.0207
6/1/19,AAPL,7/19/19,200,Put,25.05,25.4,0.257,-0.9276,0.0109,-0.0174,0.0919,-0.0898
6/8/19,AAPL,6/21/19,187.5,Call,5.55,5.7,0.2752,0.6197,0.0372,-0.147,0.1418,0.043
6/8/19,AAPL,6/21/19,187.5,Put,2.76,2.85,0.2748,-0.3812,0.0375,-0.1353,0.1424,-0.0255
6/8/19,AAPL,6/21/19,190,Call,4.1,4.2,0.2685,0.5236,0.0398,-0.1487,0.1482,0.0366
6/8/19,AAPL,6/21/19,190,Put,3.75,3.85,0.2662,-0.4781,0.0406,-0.1361,0.1482,-0.0311
6/8/19,AAPL,6/21/19,195,Call,1.92,2.02,0.257,0.3239,0.0376,-0.1269,0.1338,0.0229
6/8/19,AAPL,6/21/19,195,Put,6.6,6.75,0.2582,-0.6788,0.038,-0.1162,0.1363,-0.0403
6/8/19,AAPL,6/21/19,197.5,Call,1.23,1.31,0.2534,0.2355,0.0326,-0.1067,0.1145,0.0167
6/8/19,AAPL,6/21/19,197.5,Put,8.4,8.6,0.2562,-0.7664,0.033,-0.0969,0.1145,-0.0424
6/8/19,AAPL,6/21/19,202.5,Call,0.51,0.55,0.2587,0.1153,0.0202,-0.0684,0.0724,0.0082
6/8/19,AAPL,6/21/19,202.5,Put,12.6,12.85,0.2553,-0.8949,0.0206,-0.0544,0.0685,-0.0388
6/8/19,AAPL,7/5/19,187.5,Call,7.3,7.45,0.276,0.5973,0.0266,-0.1076,0.2038,0.0814
6/8/19,AAPL,7/5/19,187.5,Put,4.3,4.45,0.2751,-0.4043,0.027,-0.0958,0.2053,-0.0538
6/8/19,AAPL,7/5/19,190,Call,5.85,6,0.2703,0.5291,0.028,-0.1075,0.2095,0.0726
6/8/19,AAPL,7/5/19,190,Put,5.35,5.5,0.2694,-0.4734,0.0284,-0.0958,0.2094,-0.0616
6/8/19,AAPL,7/5/19,195,Call,3.55,3.6,0.2603,0.3869,0.0279,-0.0984,0.2016,0.0537
6/8/19,AAPL,7/5/19,195,Put,8,8.15,0.2588,-0.6182,0.0285,-0.0863,0.2008,-0.0754
6/8/19,AAPL,7/5/19,197.5,Call,2.61,2.7,0.2548,0.3171,0.0266,-0.0892,0.1876,0.0442
6/8/19,AAPL,7/5/19,197.5,Put,9.65,9.8,0.2566,-0.6869,0.0269,-0.0785,0.185,-0.0799
6/8/19,AAPL,7/5/19,202.5,Call,1.38,1.44,0.2501,0.1985,0.0212,-0.068,0.1468,0.0279
6/8/19,AAPL,7/5/19,202.5,Put,13.3,13.7,0.2525,-0.8074,0.0217,-0.0575,0.1497,-0.0818
6/8/19,AAPL,7/26/19,187.5,Call,8.8,9.4,0.2669,0.5895,0.0209,-0.0807,0.2709,0.1382
6/8/19,AAPL,7/26/19,187.5,Put,5.6,6.1,0.266,-0.4134,0.0213,-0.069,0.2711,-0.0957
6/8/19,AAPL,7/26/19,190,Call,7.3,7.9,0.2599,0.5361,0.0219,-0.0798,0.2768,0.1266
6/8/19,AAPL,7/26/19,190,Put,6.6,7.1,0.2592,-0.4677,0.0224,-0.0681,0.2766,-0.106
6/8/19,AAPL,7/26/19,195,Call,5,5.45,0.2539,0.4251,0.0222,-0.0758,0.273,0.1015
6/8/19,AAPL,7/26/19,195,Put,9.15,9.7,0.251,-0.582,0.0229,-0.0634,0.2734,-0.1249
6/8/19,AAPL,7/26/19,197.5,Call,3.95,4.45,0.2494,0.3694,0.0217,-0.0714,0.2629,0.0886
6/8/19,AAPL,7/26/19,197.5,Put,10.65,11.25,0.248,-0.6386,0.0224,-0.0593,0.2573,-0.1318
6/8/19,AAPL,7/26/19,202.5,Call,2.45,2.82,0.2436,0.2665,0.0194,-0.0601,0.2288,0.0645
6/8/19,AAPL,7/26/19,202.5,Put,13.95,15.25,0.2505,-0.7367,0.0197,-0.0508,0.2319,-0.1396
6/15/19,AAPL,6/28/19,185,Call,9.25,9.5,0.2926,0.7765,0.0271,-0.1272,0.1127,0.0538
6/15/19,AAPL,6/28/19,185,Put,1.4,1.46,0.2893,-0.2214,0.0274,-0.1137,0.1117,-0.0155
6/15/19,AAPL,6/28/19,190,Call,5.6,5.8,0.2729,0.6225,0.0369,-0.1475,0.1434,0.0438
6/15/19,AAPL,6/28/19,190,Put,2.72,2.8,0.2706,-0.3777,0.0375,-0.1347,0.1443,-0.0256
6/15/19,AAPL,6/28/19,192.5,Call,4.15,4.3,0.2669,0.527,0.0395,-0.1497,0.1502,0.0373
6/15/19,AAPL,6/28/19,192.5,Put,3.7,3.85,0.2639,-0.4746,0.0404,-0.1367,0.1502,-0.0313
6/15/19,AAPL,6/28/19,197.5,Call,2,2.06,0.256,0.3288,0.0374,-0.1289,0.1364,0.0235
6/15/19,AAPL,6/28/19,197.5,Put,6.45,6.7,0.252,-0.6775,0.0384,-0.1151,0.1381,-0.0408
6/15/19,AAPL,6/28/19,200,Call,1.28,1.33,0.2513,0.2395,0.0327,-0.1082,0.1172,0.0172
6/15/19,AAPL,6/28/19,200,Put,8.25,8.5,0.2481,-0.7682,0.0335,-0.0945,0.116,-0.0428
6/15/19,AAPL,6/28/19,205,Call,0.48,0.51,0.2491,0.1111,0.0201,-0.065,0.0714,0.008
6/15/19,AAPL,6/28/19,205,Put,12.4,12.7,0.238,-0.9079,0.0202,-0.0458,0.0655,-0.0371
6/15/19,AAPL,7/12/19,185,Call,10.7,10.95,0.2844,0.7202,0.0222,-0.0998,0.1796,0.0981
6/15/19,AAPL,7/12/19,185,Put,2.68,2.77,0.2829,-0.2798,0.0225,-0.0877,0.1774,-0.0389
6/15/19,AAPL,7/12/19,190,Call,7.4,7.55,0.2746,0.599,0.0264,-0.1084,0.2063,0.0828
6/15/19,AAPL,7/12/19,190,Put,4.25,4.35,0.2697,-0.4016,0.0272,-0.0951,0.208,-0.054
6/15/19,AAPL,7/12/19,192.5,Call,5.85,6.05,0.2656,0.5315,0.0281,-0.1071,0.2123,0.074
6/15/19,AAPL,7/12/19,192.5,Put,5.25,5.4,0.2631,-0.471,0.0287,-0.0947,0.2122,-0.062
6/15/19,AAPL,7/12/19,197.5,Call,3.55,3.65,0.2564,0.389,0.028,-0.0985,0.2046,0.0547
6/15/19,AAPL,7/12/19,197.5,Put,7.85,8.1,0.2533,-0.6169,0.0288,-0.0856,0.2035,-0.0761
6/15/19,AAPL,7/12/19,200,Call,2.63,2.74,0.2516,0.3195,0.0266,-0.0896,0.1907,0.0452
6/15/19,AAPL,7/12/19,200,Put,9.45,9.7,0.2487,-0.6883,0.0274,-0.0768,0.1874,-0.0808
6/15/19,AAPL,7/12/19,205,Call,1.38,1.44,0.2457,0.1991,0.0213,-0.0679,0.149,0.0283
6/15/19,AAPL,7/12/19,205,Put,13.15,13.45,0.2405,-0.8153,0.0221,-0.0536,0.1439,-0.0817
6/15/19,AAPL,8/16/19,185,Call,13.85,14.1,0.299,0.6649,0.0156,-0.078,0.2949,0.1809
6/15/19,AAPL,8/16/19,185,Put,5.8,6,0.2967,-0.3471,0.0157,-0.065,0.2988,-0.1162
6/15/19,AAPL,8/16/19,190,Call,10.75,10.95,0.2905,0.5828,0.0172,-0.0799,0.3119,0.1617
6/15/19,AAPL,8/16/19,190,Put,7.75,7.9,0.2886,-0.4295,0.0172,-0.0662,0.3143,-0.144
6/15/19,AAPL,8/16/19,195,Call,8.15,8.3,0.2848,0.4949,0.0179,-0.079,0.3167,0.1397
6/15/19,AAPL,8/16/19,195,Put,10.05,10.3,0.2809,-0.5175,0.0179,-0.064,0.3175,-0.174
6/15/19,AAPL,8/16/19,200,Call,5.9,6.05,0.2773,0.4052,0.0178,-0.074,0.3087,0.1163
6/15/19,AAPL,8/16/19,200,Put,12.8,13.05,0.2722,-0.6078,0.0178,-0.058,0.3081,-0.2048
6/15/19,AAPL,8/16/19,205,Call,4.1,4.3,0.2715,0.3191,0.0168,-0.0661,0.2889,0.0929
6/15/19,AAPL,8/16/19,205,Put,16,16.35,0.2659,-0.6942,0.0167,-0.0495,0.2865,-0.2346
6/22/19,AAPL,7/5/19,185,Call,14.25,14.8,0.2986,0.8987,0.0152,-0.0845,0.0689,0.0629
6/22/19,AAPL,7/5/19,185,Put,0.54,0.58,0.2966,-0.0997,0.0152,-0.0711,0.0679,-0.0074
6/22/19,AAPL,7/5/19,190,Call,9.85,10.3,0.2732,0.813,0.0253,-0.1122,0.1046,0.0581
6/22/19,AAPL,7/5/19,190,Put,1.08,1.13,0.2716,-0.1859,0.0255,-0.0991,0.1042,-0.0135
6/22/19,AAPL,7/5/19,195,Call,6.15,6.3,0.2558,0.6654,0.0366,-0.138,0.1417,0.0483
6/22/19,AAPL,7/5/19,195,Put,2.2,2.27,0.2533,-0.3342,0.0372,-0.1246,0.1437,-0.0234
6/22/19,AAPL,7/5/19,200,Call,3.2,3.3,0.2406,0.4655,0.0425,-0.139,0.1547,0.0342
6/22/19,AAPL,7/5/19,200,Put,4.2,4.3,0.2373,-0.5375,0.0435,-0.1252,0.1543,-0.0355
6/22/19,AAPL,7/5/19,202.5,Call,2.12,2.19,0.2332,0.3584,0.0412,-0.1258,0.1454,0.0265
6/22/19,AAPL,7/5/19,202.5,Put,5.6,5.75,0.2309,-0.6466,0.0421,-0.1125,0.1444,-0.0404
6/22/19,AAPL,7/19/19,185,Call,15.3,15.55,0.2757,0.8422,0.0159,-0.0755,0.1327,0.1166
6/22/19,AAPL,7/19/19,185,Put,1.25,1.3,0.2734,-0.1562,0.016,-0.0626,0.1318,-0.0228
6/22/19,AAPL,7/19/19,190,Call,11.15,11.5,0.2618,0.7534,0.0219,-0.0905,0.1737,0.1061
6/22/19,AAPL,7/19/19,190,Put,2.12,2.19,0.2592,-0.2455,0.0222,-0.0774,0.1713,-0.0352
6/22/19,AAPL,7/19/19,195,Call,7.65,7.8,0.2487,0.6332,0.0275,-0.0999,0.2072,0.0906
6/22/19,AAPL,7/19/19,195,Put,3.5,3.6,0.2463,-0.3676,0.0281,-0.087,0.2092,-0.0511
6/22/19,AAPL,7/19/19,200,Call,4.75,4.85,0.2369,0.4872,0.0306,-0.099,0.2195,0.0706
6/22/19,AAPL,7/19/19,200,Put,5.6,5.7,0.2357,-0.5164,0.0312,-0.0867,0.22,-0.0682
6/22/19,AAPL,7/19/19,205,Call,2.65,2.72,0.228,0.3347,0.029,-0.0859,0.2005,0.049
6/22/19,AAPL,7/19/19,205,Put,8.5,8.6,0.2267,-0.6723,0.0298,-0.0734,0.2022,-0.0812
6/22/19,AAPL,8/16/19,185,Call,17.5,17.75,0.2939,0.7646,0.0138,-0.0731,0.2421,0.1843
6/22/19,AAPL,8/16/19,185,Put,3.5,3.6,0.2925,-0.2479,0.014,-0.061,0.2516,-0.0751
6/22/19,AAPL,8/16/19,190,Call,13.85,14.05,0.2844,0.69,0.0164,-0.0793,0.2738,0.17
6/22/19,AAPL,8/16/19,190,Put,4.9,5,0.2841,-0.3237,0.0164,-0.0665,0.281,-0.098
6/22/19,AAPL,8/16/19,195,Call,10.6,10.8,0.2763,0.6032,0.0184,-0.0826,0.2984,0.1528
6/22/19,AAPL,8/16/19,195,Put,6.65,6.8,0.2751,-0.4103,0.0183,-0.0687,0.3015,-0.1243
6/22/19,AAPL,8/16/19,200,Call,7.75,7.95,0.2671,0.5079,0.0197,-0.0815,0.3094,0.131
6/22/19,AAPL,8/16/19,200,Put,8.9,9.05,0.2676,-0.5048,0.0194,-0.0673,0.3105,-0.1527
6/22/19,AAPL,8/16/19,205,Call,5.5,5.65,0.2607,0.4094,0.0196,-0.0765,0.2996,0.1072
6/22/19,AAPL,8/16/19,205,Put,11.6,11.8,0.2598,-0.6022,0.0193,-0.0612,0.2985,-0.1824
6/30/19,AAPL,7/12/19,185,Call,13.2,14.6,0.3167,0.8718,0.0171,-0.1025,0.0812,0.0608
6/30/19,AAPL,7/12/19,185,Put,0.71,0.87,0.3146,-0.1267,0.017,-0.0888,0.0805,-0.0099
6/30/19,AAPL,7/12/19,190,Call,9.55,9.85,0.3006,0.7701,0.0261,-0.1359,0.1176,0.0547
6/30/19,AAPL,7/12/19,190,Put,1.51,1.66,0.2989,-0.2289,0.0263,-0.123,0.1213,-0.0164
6/30/19,AAPL,7/12/19,195,Call,6,6.2,0.2853,0.622,0.0344,-0.158,0.1473,0.0448
6/30/19,AAPL,7/12/19,195,Put,2.92,3.05,0.2837,-0.3785,0.0348,-0.1453,0.1481,-0.0264
6/30/19,AAPL,7/12/19,197.5,Call,4.5,5,0.2878,0.5329,0.0357,-0.1652,0.154,0.0386
6/30/19,AAPL,7/12/19,197.5,Put,3.9,4.1,0.2774,-0.4683,0.0373,-0.1476,0.1541,-0.0319
6/30/19,AAPL,7/12/19,202.5,Call,2.26,2.46,0.2685,0.3478,0.0355,-0.1418,0.1432,0.0255
6/30/19,AAPL,7/12/19,202.5,Put,6.6,7.15,0.2754,-0.6509,0.0352,-0.1342,0.1419,-0.0412
6/30/19,AAPL,7/12/19,205,Call,1.5,1.6,0.2613,0.26,0.032,-0.1207,0.1257,0.0191
6/30/19,AAPL,7/12/19,205,Put,8.35,8.9,0.2734,-0.7335,0.0317,-0.1167,0.1279,-0.044
6/30/19,AAPL,7/26/19,185,Call,14.3,15.75,0.2978,0.8112,0.0166,-0.0885,0.1481,0.1116
6/30/19,AAPL,7/26/19,185,Put,1.43,1.92,0.2915,-0.1845,0.0168,-0.0739,0.1445,-0.0269
6/30/19,AAPL,7/26/19,190,Call,10.5,11.95,0.2913,0.7156,0.0212,-0.1054,0.1859,0.1
6/30/19,AAPL,7/26/19,190,Put,2.34,3.65,0.2932,-0.2863,0.0213,-0.0945,0.1913,-0.0408
6/30/19,AAPL,7/26/19,195,Call,7.05,9.2,0.2929,0.5975,0.0241,-0.1183,0.2121,0.0844
6/30/19,AAPL,7/26/19,195,Put,4,5.8,0.2946,-0.4046,0.0242,-0.1072,0.2136,-0.0563
6/30/19,AAPL,7/26/19,197.5,Call,6,6.35,0.2646,0.5363,0.0274,-0.1096,0.2177,0.0767
6/30/19,AAPL,7/26/19,197.5,Put,5.05,5.8,0.2651,-0.4662,0.0277,-0.0979,0.2178,-0.0632
6/30/19,AAPL,7/26/19,202.5,Call,3.65,4.15,0.2607,0.3994,0.027,-0.1036,0.2117,0.0576
6/30/19,AAPL,7/26/19,202.5,Put,7.75,8.75,0.2658,-0.6022,0.027,-0.0938,0.2095,-0.0772
6/30/19,AAPL,7/26/19,205,Call,2.63,3.65,0.2651,0.3385,0.0252,-0.0992,0.2005,0.049
6/30/19,AAPL,7/26/19,205,Put,8.65,11.75,0.2805,-0.656,0.0245,-0.0939,0.202,-0.0824
6/30/19,AAPL,8/16/19,185,Call,16.4,16.95,0.3044,0.7571,0.0146,-0.0809,0.2282,0.1581
6/30/19,AAPL,8/16/19,185,Put,3.6,3.8,0.3085,-0.2592,0.0146,-0.0705,0.2357,-0.0682
6/30/19,AAPL,8/16/19,190,Call,13,13.55,0.3034,0.6744,0.0169,-0.0905,0.2576,0.1437
6/30/19,AAPL,8/16/19,190,Put,5.05,5.25,0.2992,-0.3378,0.017,-0.0764,0.2631,-0.0887
6/30/19,AAPL,8/16/19,195,Call,9.9,10.35,0.2958,0.5853,0.0187,-0.094,0.281,0.1278
6/30/19,AAPL,8/16/19,195,Put,6.75,7.15,0.2881,-0.4272,0.019,-0.078,0.2826,-0.1117
6/30/19,AAPL,8/16/19,200,Call,7.2,7.65,0.2874,0.4891,0.0196,-0.0921,0.2868,0.1095
6/30/19,AAPL,8/16/19,200,Put,9.05,9.7,0.2826,-0.524,0.0196,-0.0761,0.2874,-0.1369
6/30/19,AAPL,8/16/19,205,Call,5,5.2,0.2758,0.3888,0.0196,-0.0842,0.2796,0.0885
6/30/19,AAPL,8/16/19,205,Put,11.85,12.55,0.2747,-0.6223,0.0193,-0.0687,0.2783,-0.1625
7/6/19,AAPL,7/19/19,185,Call,18.75,20.05,0.2837,0.966,0.0067,-0.0422,0.0302,0.0681
7/6/19,AAPL,7/19/19,185,Put,0.14,0.17,0.2837,-0.034,0.0067,-0.0301,0.0302,-0.0027
7/6/19,AAPL,7/19/19,190,Call,14.35,15.05,0.2519,0.9342,0.0127,-0.0576,0.0512,0.0675
7/6/19,AAPL,7/19/19,190,Put,0.22,0.28,0.2426,-0.0589,0.0121,-0.0399,0.047,-0.0047
7/6/19,AAPL,7/19/19,195,Call,9.55,10.35,0.2136,0.8747,0.0241,-0.074,0.0824,0.0647
7/6/19,AAPL,7/19/19,195,Put,0.46,0.54,0.2084,-0.1196,0.0241,-0.0581,0.0828,-0.0089
7/6/19,AAPL,7/19/19,200,Call,5.4,5.8,0.1819,0.7361,0.0449,-0.0945,0.1307,0.0555
7/6/19,AAPL,7/19/19,200,Put,1.19,1.33,0.187,-0.2702,0.0445,-0.0853,0.1339,-0.0194
7/6/19,AAPL,7/19/19,205,Call,2.38,2.49,0.17,0.4726,0.0585,-0.1029,0.1591,0.0361
7/6/19,AAPL,7/19/19,205,Put,2.94,3.1,0.1693,-0.5309,0.0597,-0.0904,0.1583,-0.0351
7/6/19,AAPL,8/2/19,185,Call,20.35,21.15,0.3273,0.8763,0.011,-0.078,0.1156,0.1213
7/6/19,AAPL,8/2/19,185,Put,1.05,1.22,0.3234,-0.1211,0.011,-0.0641,0.1138,-0.0198
7/6/19,AAPL,8/2/19,190,Call,15.95,16.5,0.2986,0.8256,0.0152,-0.0876,0.1455,0.1169
7/6/19,AAPL,8/2/19,190,Put,1.61,1.82,0.3028,-0.1778,0.0153,-0.0775,0.1487,-0.0268
7/6/19,AAPL,8/2/19,195,Call,11.8,12.45,0.2808,0.7445,0.0202,-0.1004,0.1818,0.1073
7/6/19,AAPL,8/2/19,195,Put,2.6,2.81,0.2894,-0.2618,0.02,-0.0922,0.187,-0.0387
7/6/19,AAPL,8/2/19,200,Call,8.5,8.9,0.2748,0.632,0.0242,-0.1125,0.2131,0.0923
7/6/19,AAPL,8/2/19,200,Put,4.05,4.3,0.2772,-0.3704,0.0243,-0.1015,0.215,-0.0534
7/6/19,AAPL,8/2/19,205,Call,5.7,5.95,0.2666,0.5043,0.0265,-0.1138,0.2256,0.0745
7/6/19,AAPL,8/2/19,205,Put,6.1,6.45,0.2677,-0.4983,0.0267,-0.1022,0.2257,-0.0691
7/6/19,AAPL,8/23/19,185,Call,20.9,21.75,0.2901,0.8491,0.0114,-0.0642,0.1788,0.16
7/6/19,AAPL,8/23/19,185,Put,1.75,2.09,0.287,-0.1619,0.0115,-0.0516,0.1919,-0.0429
7/6/19,AAPL,8/23/19,190,Call,16.5,17.55,0.2723,0.7922,0.0148,-0.0715,0.2163,0.1559
7/6/19,AAPL,8/23/19,190,Put,2.68,4,0.2993,-0.2403,0.014,-0.0679,0.2286,-0.0636
7/6/19,AAPL,8/23/19,195,Call,12.95,13.75,0.2683,0.7082,0.0178,-0.0814,0.2539,0.1474
7/6/19,AAPL,8/23/19,195,Put,3.65,4.2,0.2613,-0.3014,0.018,-0.0655,0.2592,-0.0783
7/6/19,AAPL,8/23/19,200,Call,9.65,10,0.2538,0.6151,0.0209,-0.0839,0.2851,0.1328
7/6/19,AAPL,8/23/19,200,Put,5.55,5.8,0.2553,-0.398,0.0205,-0.07,0.2893,-0.1018
7/6/19,AAPL,8/23/19,205,Call,6.7,7.15,0.2442,0.5064,0.0225,-0.0825,0.2972,0.115
7/6/19,AAPL,8/23/19,205,Put,7.7,8.2,0.2501,-0.5038,0.0216,-0.0696,0.298,-0.1272
7/13/19,AAPL,7/26/19,190,Call,13.7,13.95,0.2503,0.9227,0.0145,-0.0628,0.0576,0.0666
7/13/19,AAPL,7/26/19,190,Put,0.36,0.4,0.2548,-0.0806,0.0148,-0.0533,0.0604,-0.0061
7/13/19,AAPL,7/26/19,195,Call,8.95,9.3,0.2114,0.8531,0.0273,-0.0798,0.0915,0.063
7/13/19,AAPL,7/26/19,195,Put,0.69,0.76,0.2193,-0.1555,0.0275,-0.0728,0.0971,-0.0115
7/13/19,AAPL,7/26/19,200,Call,4.95,5.2,0.1919,0.6838,0.0466,-0.1058,0.1416,0.0513
7/13/19,AAPL,7/26/19,200,Put,1.53,1.69,0.1925,-0.3178,0.0469,-0.0941,0.1411,-0.0226
7/13/19,AAPL,7/26/19,202.5,Call,3.3,3.5,0.182,0.5611,0.0544,-0.1092,0.1569,0.0424
7/13/19,AAPL,7/26/19,202.5,Put,2.36,2.48,0.1815,-0.4409,0.0553,-0.0971,0.1564,-0.0302
7/13/19,AAPL,8/9/19,190,Call,15.2,15.65,0.2963,0.8126,0.0161,-0.0899,0.1515,0.1149
7/13/19,AAPL,8/9/19,190,Put,1.81,1.99,0.3038,-0.1929,0.0161,-0.0816,0.1593,-0.0289
7/13/19,AAPL,8/9/19,195,Call,11.1,11.6,0.2762,0.728,0.0213,-0.101,0.1868,0.1048
7/13/19,AAPL,8/9/19,195,Put,2.95,3.1,0.293,-0.2829,0.0207,-0.0965,0.1907,-0.0416
7/13/19,AAPL,8/9/19,200,Call,7.7,8.2,0.267,0.6113,0.0255,-0.1104,0.2158,0.0892
7/13/19,AAPL,8/9/19,200,Put,4.25,4.7,0.2747,-0.3926,0.0251,-0.1018,0.2149,-0.0561
7/13/19,AAPL,8/9/19,202.5,Call,6.15,6.6,0.2579,0.5463,0.0273,-0.1095,0.2231,0.0803
7/13/19,AAPL,8/9/19,202.5,Put,5.3,5.95,0.2752,-0.457,0.0259,-0.1046,0.2234,-0.0642
7/13/19,AAPL,8/30/19,190,Call,15.7,16.55,0.2692,0.7777,0.0157,-0.0732,0.2199,0.1501
7/13/19,AAPL,8/30/19,190,Put,2.61,2.97,0.2656,-0.2315,0.0156,-0.0585,0.2272,-0.0599
7/13/19,AAPL,8/30/19,195,Call,12,12.75,0.2596,0.6928,0.0191,-0.0804,0.2634,0.1441
7/13/19,AAPL,8/30/19,195,Put,3.75,4.4,0.2562,-0.3158,0.0189,-0.0653,0.2673,-0.0801
7/13/19,AAPL,8/30/19,200,Call,8.6,9.4,0.247,0.5928,0.0219,-0.0821,0.2869,0.1319
7/13/19,AAPL,8/30/19,200,Put,5.45,6.1,0.2454,-0.4159,0.0217,-0.0676,0.2891,-0.1031
7/13/19,AAPL,8/30/19,202.5,Call,7,7.9,0.2394,0.5375,0.023,-0.0806,0.2936,0.123
7/13/19,AAPL,8/30/19,202.5,Put,6.5,7.15,0.2408,-0.4711,0.0226,-0.067,0.2949,-0.1147
7/20/19,AAPL,8/2/19,187.5,Call,16.15,17.5,0.4312,0.8339,0.0146,-0.162,0.0989,0.0583
7/20/19,AAPL,8/2/19,187.5,Put,0.97,1.08,0.372,-0.1331,0.0146,-0.112,0.0865,-0.0101
7/20/19,AAPL,8/2/19,195,Call,9.95,10.2,0.3427,0.731,0.0243,-0.169,0.1309,0.0529
7/20/19,AAPL,8/2/19,195,Put,2.25,2.35,0.3412,-0.2685,0.0245,-0.1568,0.1325,-0.0198
7/20/19,AAPL,8/2/19,197.5,Call,8.05,8.4,0.3313,0.6694,0.0276,-0.1782,0.1437,0.0488
7/20/19,AAPL,8/2/19,197.5,Put,2.93,3.1,0.3346,-0.3324,0.0276,-0.1689,0.1462,-0.0242
7/20/19,AAPL,8/2/19,202.5,Call,5,5.3,0.3172,0.5209,0.0317,-0.1855,0.158,0.0385
7/20/19,AAPL,8/2/19,202.5,Put,4.8,5,0.3176,-0.4804,0.0319,-0.1745,0.158,-0.0338
7/20/19,AAPL,8/16/19,190,Call,14.35,14.75,0.2941,0.8081,0.0175,-0.0938,0.1506,0.0922
7/20/19,AAPL,8/16/19,190,Put,1.94,2.14,0.2934,-0.2107,0.0177,-0.0822,0.1607,-0.0315
7/20/19,AAPL,8/16/19,195,Call,10.55,10.85,0.2836,0.7098,0.0226,-0.1099,0.1891,0.0844
7/20/19,AAPL,8/16/19,195,Put,3.1,3.3,0.2791,-0.3072,0.0227,-0.0944,0.1961,-0.0454
7/20/19,AAPL,8/16/19,200,Call,7.25,7.5,0.2729,0.588,0.0266,-0.1174,0.2151,0.0728
7/20/19,AAPL,8/16/19,200,Put,4.85,5.05,0.2685,-0.429,0.0264,-0.1003,0.2188,-0.0625
7/20/19,AAPL,8/16/19,205,Call,4.55,4.75,0.2605,0.4501,0.0281,-0.1119,0.2185,0.0578
7/20/19,AAPL,8/16/19,205,Put,7.15,7.4,0.2551,-0.5662,0.0278,-0.0934,0.2186,-0.0808
7/20/19,AAPL,9/20/19,190,Call,16,16.35,0.2601,0.7434,0.0151,-0.0653,0.2713,0.2242
7/20/19,AAPL,9/20/19,190,Put,3.5,3.65,0.2588,-0.2587,0.0151,-0.0527,0.273,-0.0851
7/20/19,AAPL,9/20/19,195,Call,12.45,12.7,0.2505,0.6636,0.0176,-0.0691,0.3044,0.2079
7/20/19,AAPL,9/20/19,195,Put,4.85,5.1,0.2494,-0.3391,0.0177,-0.0569,0.3052,-0.1091
7/20/19,AAPL,9/20/19,200,Call,9.3,9.55,0.2422,0.5716,0.0195,-0.0704,0.3304,0.1832
7/20/19,AAPL,9/20/19,200,Put,6.75,6.95,0.242,-0.4325,0.0197,-0.0585,0.3305,-0.1345
7/20/19,AAPL,9/20/19,205,Call,6.65,6.85,0.2339,0.4715,0.0204,-0.0678,0.3345,0.1537
7/20/19,AAPL,9/20/19,205,Put,9.05,9.3,0.2336,-0.5344,0.0208,-0.0559,0.3334,-0.1593
7/27/19,AAPL,8/9/19,187.5,Call,20.45,21.15,0.3518,0.9377,0.0086,-0.0736,0.0499,0.0667
7/27/19,AAPL,8/9/19,187.5,Put,0.57,0.73,0.3964,-0.0852,0.0097,-0.0886,0.0634,-0.007
7/27/19,AAPL,8/9/19,192.5,Call,14.25,18.7,0.3702,0.8643,0.0145,-0.1274,0.0886,0.0625
7/27/19,AAPL,8/9/19,192.5,Put,1.01,1.1,0.3684,-0.1346,0.0145,-0.1147,0.0887,-0.0104
7/27/19,AAPL,8/9/19,200,Call,9.8,10.15,0.3183,0.7436,0.0249,-0.158,0.131,0.0554
7/27/19,AAPL,8/9/19,200,Put,2.28,2.4,0.3388,-0.2684,0.024,-0.1596,0.1358,-0.0203
7/27/19,AAPL,8/9/19,202.5,Call,7.65,9.1,0.3265,0.672,0.0272,-0.1796,0.1469,0.0503
7/27/19,AAPL,8/9/19,202.5,Put,2.36,3.15,0.312,-0.3222,0.0284,-0.1594,0.1441,-0.0241
7/27/19,AAPL,8/23/19,187.5,Call,20.3,21.45,0.2842,0.9259,0.0099,-0.0576,0.0798,0.08
7/27/19,AAPL,8/23/19,187.5,Put,0.94,1.05,0.3089,-0.1115,0.0108,-0.0588,0.1095,-0.0173
7/27/19,AAPL,8/23/19,192.5,Call,16.4,16.85,0.2946,0.8473,0.0155,-0.0888,0.1375,0.0848
7/27/19,AAPL,8/23/19,192.5,Put,1.51,1.7,0.2944,-0.1709,0.0151,-0.0746,0.1507,-0.0261
7/27/19,AAPL,8/23/19,200,Call,10.55,11.05,0.2842,0.7026,0.0227,-0.1158,0.196,0.0836
7/27/19,AAPL,8/23/19,200,Put,3,3.15,0.2683,-0.302,0.0228,-0.0924,0.201,-0.0449
7/27/19,AAPL,8/23/19,202.5,Call,8.65,9,0.267,0.6501,0.0256,-0.1151,0.2133,0.08
7/27/19,AAPL,8/23/19,202.5,Put,3.8,4,0.2652,-0.3616,0.0249,-0.0978,0.2177,-0.0529
7/27/19,AAPL,9/20/19,185,Call,24.15,24.7,0.2907,0.8615,0.0099,-0.0585,0.1852,0.2197
7/27/19,AAPL,9/20/19,185,Put,1.51,1.62,0.2774,-0.1318,0.0096,-0.0413,0.1722,-0.0406
7/27/19,AAPL,9/20/19,195,Call,15.6,17,0.2717,0.7413,0.0148,-0.0729,0.264,0.2092
7/27/19,AAPL,9/20/19,195,Put,2.9,3.25,0.2492,-0.2448,0.0157,-0.0539,0.258,-0.0732
7/27/19,AAPL,9/20/19,200,Call,12.15,12.6,0.2506,0.6679,0.018,-0.0741,0.2946,0.1934
7/27/19,AAPL,9/20/19,200,Put,4.45,4.7,0.2453,-0.3319,0.0185,-0.0606,0.295,-0.0973
7/27/19,AAPL,9/20/19,205,Call,8.75,9.4,0.2384,0.574,0.0204,-0.0749,0.318,0.1693
7/27/19,AAPL,9/20/19,205,Put,6.25,6.45,0.2359,-0.4292,0.0209,-0.0622,0.3179,-0.1214
8/3/19,AAPL,8/16/19,190,Call,13.95,15.65,0.3487,0.8768,0.0174,-0.1297,0.0831,0.0392
8/3/19,AAPL,8/16/19,190,Put,0.94,1.02,0.3335,-0.1403,0.0169,-0.1043,0.0872,-0.0106
8/3/19,AAPL,8/16/19,195,Call,10.25,11,0.3359,0.7723,0.0255,-0.172,0.119,0.0422
8/3/19,AAPL,8/16/19,195,Put,1.75,1.83,0.3142,-0.2364,0.0248,-0.1354,0.1247,-0.0175
8/3/19,AAPL,8/16/19,200,Call,6.7,6.75,0.3011,0.6399,0.034,-0.182,0.1475,0.0378
8/3/19,AAPL,8/16/19,200,Put,3.1,3.15,0.294,-0.3738,0.0326,-0.1546,0.1521,-0.0269
8/3/19,AAPL,8/16/19,205,Call,3.8,3.85,0.2849,0.4624,0.0366,-0.1737,0.1573,0.0311
8/3/19,AAPL,8/16/19,205,Put,5.25,5.3,0.2778,-0.5473,0.0362,-0.1508,0.1579,-0.0376
8/3/19,AAPL,8/30/19,190,Call,15.45,16.9,0.3453,0.7841,0.0161,-0.1173,0.1698,0.0995
8/3/19,AAPL,8/30/19,190,Put,1.94,2.36,0.3187,-0.2042,0.0159,-0.0886,0.1613,-0.0306
8/3/19,AAPL,8/30/19,195,Call,10.35,12,0.2682,0.7361,0.0229,-0.102,0.1833,0.0988
8/3/19,AAPL,8/30/19,195,Put,2.55,3.65,0.2961,-0.2858,0.0206,-0.0982,0.1953,-0.042
8/3/19,AAPL,8/30/19,200,Call,8.2,9.6,0.3123,0.599,0.0222,-0.1296,0.2192,0.0864
8/3/19,AAPL,8/30/19,200,Put,4.7,5.35,0.299,-0.4,0.0232,-0.1119,0.2192,-0.0574
8/3/19,AAPL,8/30/19,205,Call,4.7,6.15,0.2705,0.4785,0.0263,-0.1147,0.2234,0.0707
8/3/19,AAPL,8/30/19,205,Put,6.4,7.55,0.2763,-0.523,0.026,-0.1051,0.2232,-0.0719
8/3/19,AAPL,9/20/19,185,Call,21.1,21.5,0.3145,0.8165,0.0114,-0.073,0.1982,0.1943
8/3/19,AAPL,9/20/19,185,Put,2.35,2.54,0.3122,-0.1828,0.0115,-0.0608,0.1954,-0.0484
8/3/19,AAPL,9/20/19,190,Call,16.95,17.4,0.2975,0.7586,0.0141,-0.0794,0.2292,0.1844
8/3/19,AAPL,9/20/19,190,Put,3.25,3.5,0.2984,-0.2431,0.0142,-0.0682,0.2316,-0.0635
8/3/19,AAPL,9/20/19,195,Call,13.4,13.65,0.288,0.6826,0.0167,-0.0862,0.27,0.1686
8/3/19,AAPL,9/20/19,195,Put,4.6,4.8,0.2881,-0.3192,0.0168,-0.0746,0.2703,-0.0817
8/3/19,AAPL,9/20/19,200,Call,10,10.55,0.2784,0.5945,0.0188,-0.0893,0.2894,0.149
8/3/19,AAPL,9/20/19,200,Put,5.9,6.5,0.2701,-0.4064,0.0195,-0.075,0.2895,-0.1013
8/3/19,AAPL,9/20/19,205,Call,7.3,7.65,0.2693,0.4973,0.02,-0.0879,0.2981,0.1264
8/3/19,AAPL,9/20/19,205,Put,7.85,8.75,0.2578,-0.5085,0.0212,-0.0726,0.2977,-0.1217
8/10/19,AAPL,8/23/19,187.5,Call,13.75,15.65,0.3497,0.8558,0.0165,-0.1213,0.0893,0.0603
8/10/19,AAPL,8/23/19,187.5,Put,0.75,1.15,0.338,-0.1365,0.0165,-0.1026,0.0861,-0.0102
8/10/19,AAPL,8/23/19,192.5,Call,9.85,11.3,0.3339,0.7599,0.0237,-0.1547,0.1223,0.0545
8/10/19,AAPL,8/23/19,192.5,Put,1.48,1.93,0.3159,-0.2289,0.0245,-0.1324,0.1232,-0.0168
8/10/19,AAPL,8/23/19,197.5,Call,6,7.6,0.3053,0.632,0.0314,-0.1692,0.1483,0.0461
8/10/19,AAPL,8/23/19,197.5,Put,2.37,3.5,0.2909,-0.3635,0.033,-0.1501,0.1479,-0.0259
8/10/19,AAPL,8/23/19,200,Call,4.5,6,0.2969,0.5512,0.0339,-0.1717,0.1557,0.0404
8/10/19,AAPL,8/23/19,200,Put,3.45,4,0.2729,-0.4475,0.0372,-0.1474,0.1562,-0.0311
8/10/19,AAPL,8/23/19,205,Call,2.34,3.2,0.2793,0.3751,0.0345,-0.1534,0.1492,0.0278
8/10/19,AAPL,8/23/19,205,Put,5.6,6.9,0.2542,-0.6416,0.0379,-0.1273,0.1495,-0.0413
8/10/19,AAPL,9/6/19,187.5,Call,15.05,16.5,0.3143,0.8055,0.0157,-0.0949,0.1532,0.112
8/10/19,AAPL,9/6/19,187.5,Put,1.73,2.47,0.3226,-0.2003,0.0157,-0.0878,0.1594,-0.0297
8/10/19,AAPL,9/6/19,192.5,Call,11.25,12.5,0.3014,0.7188,0.0201,-0.1092,0.1877,0.1017
8/10/19,AAPL,9/6/19,192.5,Put,2.75,3.65,0.3086,-0.2857,0.0199,-0.1014,0.1932,-0.0416
8/10/19,AAPL,9/6/19,197.5,Call,7.65,9.2,0.2878,0.6107,0.0239,-0.1167,0.2134,0.0877
8/10/19,AAPL,9/6/19,197.5,Put,3.85,4.8,0.2741,-0.387,0.0253,-0.1002,0.2123,-0.0548
8/10/19,AAPL,9/6/19,200,Call,6.65,7.7,0.2932,0.5487,0.0243,-0.1217,0.2204,0.0791
8/10/19,AAPL,9/6/19,200,Put,4.75,6.1,0.2731,-0.452,0.0263,-0.1028,0.2207,-0.0629
8/10/19,AAPL,9/6/19,205,Call,3.65,4.9,0.2645,0.417,0.0265,-0.1075,0.2172,0.061
8/10/19,AAPL,9/6/19,205,Put,6.7,8.65,0.2509,-0.5927,0.0283,-0.0908,0.2179,-0.0775
8/10/19,AAPL,9/27/19,187.5,Call,16.75,18.5,0.3138,0.7542,0.0136,-0.0825,0.2319,0.1798
8/10/19,AAPL,9/27/19,187.5,Put,2.88,4.3,0.314,-0.2466,0.0138,-0.0718,0.2374,-0.0639
8/10/19,AAPL,9/27/19,192.5,Call,12.4,15.65,0.3051,0.6804,0.0159,-0.0895,0.2632,0.1647
8/10/19,AAPL,9/27/19,192.5,Put,4.1,5.45,0.2974,-0.3177,0.0164,-0.0763,0.2671,-0.0807
8/10/19,AAPL,9/27/19,197.5,Call,9.6,12.45,0.304,0.5948,0.0173,-0.0952,0.2854,0.1457
8/10/19,AAPL,9/27/19,197.5,Put,5.7,6.95,0.281,-0.4034,0.0189,-0.0774,0.2861,-0.1
8/10/19,AAPL,9/27/19,200,Call,8.1,10.5,0.29,0.5509,0.0185,-0.0925,0.2914,0.1361
8/10/19,AAPL,9/27/19,200,Put,6.75,8.05,0.2778,-0.4516,0.0196,-0.0778,0.2916,-0.1103
8/10/19,AAPL,9/27/19,205,Call,6.05,6.95,0.273,0.4532,0.0197,-0.0865,0.2917,0.1135
8/10/19,AAPL,9/27/19,205,Put,8.85,10.7,0.2669,-0.5532,0.0205,-0.0735,0.2914,-0.129
8/17/19,AAPL,8/30/19,185,Call,19.55,23.85,0.3158,0.9658,0.0059,-0.0453,0.0306,0.0681
8/17/19,AAPL,8/30/19,185,Put,0.25,0.67,0.3453,-0.0472,0.0071,-0.0485,0.0398,-0.0038
8/17/19,AAPL,8/30/19,192.5,Call,12.45,16.2,0.2962,0.8951,0.0152,-0.0881,0.0734,0.0652
8/17/19,AAPL,8/30/19,192.5,Put,0.23,1.05,0.333,-0.1307,0.0158,-0.1008,0.0884,-0.01
8/17/19,AAPL,8/30/19,197.5,Call,8.2,12.6,0.2771,0.8062,0.0245,-0.1194,0.111,0.0598
8/17/19,AAPL,8/30/19,197.5,Put,1.25,1.75,0.3002,-0.2114,0.024,-0.1234,0.1178,-0.0159
8/17/19,AAPL,8/30/19,202.5,Call,4.6,7.75,0.2333,0.6807,0.0379,-0.1286,0.1444,0.0515
8/17/19,AAPL,8/30/19,202.5,Put,1.19,2.99,0.2333,-0.3201,0.0382,-0.1172,0.1434,-0.0234
8/17/19,AAPL,9/13/19,185,Call,20.3,24.9,0.3127,0.9087,0.0092,-0.0624,0.0939,0.1266
8/17/19,AAPL,9/13/19,185,Put,1,1.77,0.3684,-0.126,0.0099,-0.0766,0.1219,-0.0196
8/17/19,AAPL,9/13/19,192.5,Call,13.8,17.55,0.2958,0.8209,0.0155,-0.0883,0.1496,0.1177
8/17/19,AAPL,9/13/19,192.5,Put,0,2.77,0.315,-0.1928,0.0153,-0.0861,0.1614,-0.0294
8/17/19,AAPL,9/13/19,197.5,Call,9.7,13.35,0.2548,0.7552,0.0216,-0.0905,0.1797,0.1107
8/17/19,AAPL,9/13/19,197.5,Put,2.11,3.25,0.2809,-0.2639,0.0205,-0.0909,0.1894,-0.0395
8/17/19,AAPL,9/13/19,202.5,Call,6.35,10.45,0.265,0.6279,0.025,-0.1097,0.2163,0.093
8/17/19,AAPL,9/13/19,202.5,Put,4,5.55,0.297,-0.3837,0.0227,-0.1117,0.2179,-0.0563
8/17/19,AAPL,10/18/19,185,Call,22.6,27,0.3103,0.828,0.0096,-0.0626,0.2187,0.2523
8/17/19,AAPL,10/18/19,185,Put,2.25,3.25,0.3162,-0.1764,0.0096,-0.0538,0.2201,-0.0614
8/17/19,AAPL,10/18/19,190,Call,18.65,22.5,0.2936,0.7807,0.0117,-0.0675,0.2535,0.2427
8/17/19,AAPL,10/18/19,190,Put,3.7,4.05,0.3126,-0.2321,0.0115,-0.0624,0.2606,-0.0801
8/17/19,AAPL,10/18/19,200,Call,11.65,14.1,0.2612,0.6494,0.0165,-0.0732,0.318,0.2092
8/17/19,AAPL,10/18/19,200,Put,6.3,7,0.2919,-0.3634,0.0152,-0.0706,0.3232,-0.1211
8/17/19,AAPL,10/18/19,205,Call,9.4,11.05,0.2659,0.5617,0.0173,-0.0777,0.3381,0.1825
8/17/19,AAPL,10/18/19,205,Put,6.5,10.2,0.2758,-0.4422,0.0169,-0.0693,0.3389,-0.1432
8/24/19,AAPL,9/6/19,187.5,Call,16.3,18.8,0.4973,0.8037,0.014,-0.2039,0.1098,0.0557
8/24/19,AAPL,9/6/19,187.5,Put,0.75,1.53,0.4973,-0.1963,0.014,-0.1927,0.1098,-0.0161
8/24/19,AAPL,9/6/19,195,Call,9.25,11.55,0.3651,0.7208,0.0232,-0.1821,0.1334,0.052
8/24/19,AAPL,9/6/19,195,Put,2.44,2.65,0.3605,-0.2774,0.0235,-0.1687,0.1326,-0.0206
8/24/19,AAPL,9/6/19,197.5,Call,7.5,9.75,0.3571,0.6607,0.0258,-0.1928,0.1452,0.048
8/24/19,AAPL,9/6/19,197.5,Put,2.87,4.15,0.3694,-0.344,0.0253,-0.1895,0.1464,-0.0253
8/24/19,AAPL,9/6/19,202.5,Call,5.2,5.65,0.3333,0.5223,0.0301,-0.1942,0.158,0.0385
8/24/19,AAPL,9/6/19,202.5,Put,4.85,5.2,0.3267,-0.4789,0.031,-0.18,0.158,-0.0339
8/24/19,AAPL,9/20/19,187.5,Call,17.7,18.95,0.3925,0.7835,0.0133,-0.1238,0.1646,0.1077
8/24/19,AAPL,9/20/19,187.5,Put,2.35,2.58,0.3668,-0.203,0.0138,-0.1018,0.1603,-0.0307
8/24/19,AAPL,9/20/19,195,Call,11.6,12.4,0.3346,0.684,0.0189,-0.1269,0.1996,0.0971
8/24/19,AAPL,9/20/19,195,Put,3.7,4.25,0.3309,-0.3152,0.0193,-0.1147,0.1971,-0.0465
8/24/19,AAPL,9/20/19,197.5,Call,9.6,10.85,0.3244,0.6366,0.0206,-0.1291,0.2106,0.0911
8/24/19,AAPL,9/20/19,197.5,Put,4.5,5.55,0.3362,-0.3679,0.0201,-0.1232,0.2131,-0.0537
8/24/19,AAPL,9/20/19,202.5,Call,7.1,7.75,0.3214,0.5283,0.0221,-0.1341,0.2233,0.0764
8/24/19,AAPL,9/20/19,202.5,Put,6.5,7.05,0.3126,-0.4737,0.0229,-0.12,0.2233,-0.067
8/24/19,AAPL,10/18/19,190,Call,18,18.55,0.3369,0.7189,0.0126,-0.0882,0.2677,0.1954
8/24/19,AAPL,10/18/19,190,Put,4.75,5.05,0.3324,-0.2801,0.0129,-0.0763,0.2731,-0.0838
8/24/19,AAPL,10/18/19,195,Call,14.5,15.8,0.3384,0.6486,0.0138,-0.0959,0.2944,0.1784
8/24/19,AAPL,10/18/19,195,Put,6,6.65,0.3193,-0.3475,0.0147,-0.0799,0.2935,-0.1023
8/24/19,AAPL,10/18/19,200,Call,11.35,11.85,0.3141,0.5774,0.0157,-0.0934,0.3106,0.1617
8/24/19,AAPL,10/18/19,200,Put,7.95,9,0.3188,-0.4254,0.0157,-0.084,0.3097,-0.1229
8/24/19,AAPL,10/18/19,205,Call,8.6,9.05,0.3034,0.4961,0.0166,-0.0913,0.3166,0.1407
8/24/19,AAPL,10/18/19,205,Put,10.2,10.6,0.2985,-0.5084,0.0171,-0.079,0.3173,-0.1417
8/31/19,AAPL,9/13/19,187.5,Call,20.65,22.35,0.2836,0.9759,0.0049,-0.0341,0.0232,0.0698
8/31/19,AAPL,9/13/19,187.5,Put,0.48,0.6,0.3911,-0.0734,0.0087,-0.0787,0.0569,-0.0061
8/31/19,AAPL,9/13/19,195,Call,14.3,15.05,0.3092,0.8787,0.016,-0.1009,0.0824,0.0647
8/31/19,AAPL,9/13/19,195,Put,1.01,1.14,0.3432,-0.1445,0.0163,-0.1127,0.0948,-0.0112
8/31/19,AAPL,9/13/19,200,Call,10.15,10.7,0.294,0.7841,0.0244,-0.1347,0.1197,0.0587
8/31/19,AAPL,9/13/19,200,Put,1.73,1.86,0.3161,-0.2312,0.0237,-0.1384,0.1281,-0.0176
8/31/19,AAPL,9/13/19,205,Call,6.45,6.95,0.2773,0.6462,0.0328,-0.1581,0.1519,0.0491
8/31/19,AAPL,9/13/19,205,Put,2.96,3.1,0.2924,-0.3606,0.0315,-0.1564,0.1515,-0.0268
8/31/19,AAPL,9/27/19,187.5,Call,22.1,23,0.3277,0.8936,0.0097,-0.0717,0.1061,0.1257
8/31/19,AAPL,9/27/19,187.5,Put,1.21,1.37,0.3532,-0.1222,0.01,-0.0727,0.1234,-0.0191
8/31/19,AAPL,9/27/19,195,Call,15.6,16.5,0.3073,0.8056,0.0155,-0.0962,0.1591,0.1166
8/31/19,AAPL,9/27/19,195,Put,2.16,2.45,0.3261,-0.2072,0.0153,-0.0941,0.1659,-0.032
8/31/19,AAPL,9/27/19,200,Call,11.75,12.5,0.294,0.7211,0.0198,-0.1101,0.1942,0.1061
8/31/19,AAPL,9/27/19,200,Put,3.05,3.6,0.3072,-0.2868,0.0193,-0.1052,0.2019,-0.0434
8/31/19,AAPL,9/27/19,205,Call,8.25,9.05,0.2807,0.615,0.0236,-0.1178,0.2209,0.0918
8/31/19,AAPL,9/27/19,205,Put,4.55,5.15,0.2922,-0.3896,0.0229,-0.1117,0.2205,-0.0577
8/31/19,AAPL,10/18/19,190,Call,21.45,22.15,0.3123,0.8172,0.0111,-0.0734,0.2026,0.1997
8/31/19,AAPL,10/18/19,190,Put,2.77,2.98,0.3294,-0.1943,0.011,-0.0686,0.2152,-0.053
8/31/19,AAPL,10/18/19,195,Call,17.65,18.2,0.3067,0.7543,0.0134,-0.0836,0.2408,0.1873
8/31/19,AAPL,10/18/19,195,Put,3.6,4.1,0.3155,-0.2516,0.0133,-0.0758,0.2494,-0.0677
8/31/19,AAPL,10/18/19,200,Call,13.7,14.4,0.2885,0.6861,0.0161,-0.0875,0.2712,0.1734
8/31/19,AAPL,10/18/19,200,Put,4.75,5.15,0.2958,-0.3185,0.0159,-0.079,0.2776,-0.0841
8/31/19,AAPL,10/18/19,205,Call,10.4,11.05,0.2777,0.6014,0.0182,-0.0905,0.2952,0.1541
8/31/19,AAPL,10/18/19,205,Put,6.45,6.85,0.2852,-0.4024,0.0179,-0.0817,0.2971,-0.1039
9/7/19,AAPL,9/20/19,192.5,Call,21.15,21.7,0.3706,0.9277,0.0089,-0.0861,0.0575,0.0676
9/7/19,AAPL,9/20/19,192.5,Put,0.29,0.37,0.3354,-0.0543,0.0079,-0.0544,0.046,-0.0046
9/7/19,AAPL,9/20/19,197.5,Call,16.35,16.95,0.3289,0.892,0.0135,-0.1009,0.0775,0.0665
9/7/19,AAPL,9/20/19,197.5,Put,0.49,0.65,0.3066,-0.0928,0.013,-0.0751,0.072,-0.0073
9/7/19,AAPL,9/20/19,205,Call,9.8,9.9,0.2708,0.7843,0.0259,-0.1272,0.1222,0.0603
9/7/19,AAPL,9/20/19,205,Put,1.34,1.45,0.2677,-0.2135,0.0262,-0.1142,0.1219,-0.0165
9/7/19,AAPL,10/4/19,192.5,Call,21.7,22.25,0.3061,0.8979,0.0099,-0.0672,0.1053,0.13
9/7/19,AAPL,10/4/19,192.5,Put,0.83,1,0.3066,-0.1025,0.0099,-0.0565,0.1055,-0.0175
9/7/19,AAPL,10/4/19,197.5,Call,17.15,17.85,0.2894,0.8457,0.0139,-0.0818,0.1403,0.1249
9/7/19,AAPL,10/4/19,197.5,Put,1.32,1.49,0.2875,-0.153,0.014,-0.0701,0.1415,-0.0241
9/7/19,AAPL,10/4/19,205,Call,11.25,11.55,0.2679,0.7227,0.0212,-0.1028,0.1978,0.1094
9/7/19,AAPL,10/4/19,205,Put,2.62,2.79,0.2617,-0.274,0.0217,-0.0891,0.1963,-0.0421
9/7/19,AAPL,10/25/19,192.5,Call,22.65,23.9,0.2981,0.8457,0.0102,-0.0656,0.1856,0.2108
9/7/19,AAPL,10/25/19,192.5,Put,1.49,2.43,0.2971,-0.1539,0.0103,-0.0545,0.1839,-0.0428
9/7/19,AAPL,10/25/19,197.5,Call,18.3,19.65,0.281,0.7952,0.0129,-0.0723,0.2218,0.2021
9/7/19,AAPL,10/25/19,197.5,Put,2.32,3.1,0.2828,-0.2068,0.013,-0.0621,0.2218,-0.0568
9/7/19,AAPL,10/25/19,205,Call,12.75,13.9,0.2673,0.6848,0.017,-0.0834,0.2776,0.1781
9/7/19,AAPL,10/25/19,205,Put,3.25,4.8,0.2497,-0.3072,0.0182,-0.0666,0.2726,-0.0819
9/14/19,AAPL,9/27/19,185,Call,31.75,36.2,0.419,0.9818,0.0025,-0.0388,0.0191,0.0693
9/14/19,AAPL,9/27/19,185,Put,0.07,0.15,0.4263,-0.0198,0.0026,-0.031,0.0205,-0.0017
9/14/19,AAPL,9/27/19,197.5,Call,19.6,23.9,0.3361,0.945,0.0077,-0.0676,0.0476,0.0709
9/14/19,AAPL,9/27/19,197.5,Put,0.3,0.39,0.3362,-0.0551,0.0077,-0.0566,0.0477,-0.0047
9/14/19,AAPL,9/27/19,202.5,Call,14.7,18.85,0.2737,0.9308,0.0114,-0.0663,0.057,0.0716
9/14/19,AAPL,9/27/19,202.5,Put,0.42,0.6,0.297,-0.0853,0.0123,-0.0699,0.0668,-0.0073
9/14/19,AAPL,10/11/19,185,Call,32.1,36.5,0.3566,0.961,0.0039,-0.0425,0.0511,0.1348
9/14/19,AAPL,10/11/19,185,Put,0.01,0.44,0.363,-0.0416,0.004,-0.0344,0.0538,-0.0073
9/14/19,AAPL,10/11/19,197.5,Call,20.2,24.5,0.2918,0.9074,0.0094,-0.0623,0.1005,0.1351
9/14/19,AAPL,10/11/19,197.5,Put,0.75,1.05,0.3024,-0.0999,0.0096,-0.0563,0.1091,-0.0163
9/14/19,AAPL,10/11/19,202.5,Call,15.5,20.1,0.2737,0.8593,0.0135,-0.0757,0.1353,0.1305
9/14/19,AAPL,10/11/19,202.5,Put,1.15,1.65,0.2856,-0.1503,0.0136,-0.0706,0.1451,-0.0243
9/14/19,AAPL,11/15/19,185,Call,33.5,37.9,0.3331,0.9079,0.0056,-0.05,0.1527,0.2513
9/14/19,AAPL,11/15/19,185,Put,1.51,1.81,0.3417,-0.1051,0.0059,-0.0434,0.1659,-0.0402
9/14/19,AAPL,11/15/19,195,Call,26.5,27.5,0.3173,0.8358,0.0088,-0.0667,0.2229,0.2425
9/14/19,AAPL,11/15/19,195,Put,2.64,2.79,0.3106,-0.1697,0.009,-0.0543,0.2317,-0.0645
9/14/19,AAPL,11/15/19,205,Call,18.45,19,0.2876,0.7385,0.0128,-0.0771,0.2962,0.2252
9/14/19,AAPL,11/15/19,205,Put,4.6,4.85,0.2898,-0.2745,0.0128,-0.066,0.3055,-0.1042
9/21/19,AAPL,10/4/19,185,Call,32.85,33.15,0.4101,0.9812,0.0026,-0.039,0.0196,0.0692
9/21/19,AAPL,10/4/19,185,Put,0.12,0.2,0.4274,-0.0228,0.003,-0.035,0.0231,-0.002
9/21/19,AAPL,10/4/19,195,Call,22.8,23.35,0.3179,0.9653,0.0057,-0.0478,0.0327,0.0717
9/21/19,AAPL,10/4/19,195,Put,0.23,0.43,0.3541,-0.0508,0.0069,-0.0557,0.0445,-0.0044
9/21/19,AAPL,10/4/19,202.5,Call,15.85,16.15,0.2978,0.9009,0.0137,-0.0893,0.0743,0.069
9/21/19,AAPL,10/4/19,202.5,Put,0.55,0.75,0.3032,-0.1027,0.0139,-0.0817,0.0781,-0.0083
9/21/19,AAPL,10/18/19,185,Call,33.25,33.55,0.3535,0.9581,0.0042,-0.044,0.0539,0.1344
9/21/19,AAPL,10/18/19,185,Put,0.35,0.44,0.3569,-0.0433,0.0043,-0.0348,0.0554,-0.0075
9/21/19,AAPL,10/18/19,195,Call,23.4,23.95,0.2923,0.9225,0.0082,-0.0557,0.0875,0.1359
9/21/19,AAPL,10/18/19,195,Put,0.72,0.8,0.3059,-0.0865,0.0085,-0.0508,0.0951,-0.015
9/21/19,AAPL,10/18/19,200,Call,18.8,19.35,0.2762,0.8789,0.0121,-0.0697,0.1214,0.1321
9/21/19,AAPL,10/18/19,200,Put,1.07,1.2,0.2846,-0.1277,0.0122,-0.0627,0.1298,-0.0206
9/21/19,AAPL,11/15/19,185,Call,34.45,35,0.3548,0.9008,0.0059,-0.0576,0.1474,0.219
9/21/19,AAPL,11/15/19,185,Put,1.47,1.72,0.3507,-0.1051,0.0061,-0.0472,0.1565,-0.0354
9/21/19,AAPL,11/15/19,195,Call,25.55,26.4,0.332,0.829,0.0092,-0.0746,0.2127,0.2112
9/21/19,AAPL,11/15/19,195,Put,2.66,2.8,0.3212,-0.1747,0.0095,-0.0606,0.2186,-0.0585
9/21/19,AAPL,11/15/19,200,Call,21.4,22.25,0.3182,0.7816,0.0111,-0.0815,0.2509,0.2042
9/21/19,AAPL,11/15/19,200,Put,3.5,3.75,0.3095,-0.2244,0.0114,-0.0676,0.2583,-0.075
9/28/19,AAPL,10/11/19,185,Call,32.35,35.85,0.4257,0.9806,0.0026,-0.041,0.0202,0.0692
9/28/19,AAPL,10/11/19,185,Put,0.14,0.21,0.4446,-0.0238,0.0029,-0.0378,0.024,-0.0021
9/28/19,AAPL,10/11/19,197.5,Call,20.6,23.5,0.3788,0.9237,0.0088,-0.0934,0.0615,0.069
9/28/19,AAPL,10/11/19,197.5,Put,0.39,0.43,0.35,-0.0616,0.0081,-0.0643,0.0521,-0.0053
9/28/19,AAPL,10/11/19,202.5,Call,15.9,18.65,0.3363,0.8892,0.0131,-0.1074,0.081,0.068
9/28/19,AAPL,10/11/19,202.5,Put,0.61,0.71,0.319,-0.0992,0.0128,-0.0842,0.0739,-0.0081
9/28/19,AAPL,10/25/19,185,Call,33.35,35.55,0.3542,0.9622,0.0038,-0.0415,0.0499,0.135
9/28/19,AAPL,10/25/19,185,Put,0.38,0.56,0.3785,-0.0475,0.0043,-0.04,0.06,-0.0083
9/28/19,AAPL,10/25/19,197.5,Call,22.1,23.15,0.3116,0.8943,0.0097,-0.0715,0.1107,0.1327
9/28/19,AAPL,10/25/19,197.5,Put,0.87,1.29,0.3192,-0.1108,0.0098,-0.0641,0.1158,-0.0181
9/28/19,AAPL,10/25/19,202.5,Call,17.6,19.05,0.3061,0.8353,0.0134,-0.0915,0.1502,0.1261
9/28/19,AAPL,10/25/19,202.5,Put,1.38,1.58,0.2919,-0.1543,0.0135,-0.0734,0.1452,-0.025
9/28/19,AAPL,11/15/19,185,Call,34.7,36.1,0.3619,0.9163,0.0055,-0.0562,0.1229,0.1915
9/28/19,AAPL,11/15/19,185,Put,1.31,1.42,0.3656,-0.0941,0.0058,-0.0489,0.1338,-0.0278
9/28/19,AAPL,11/15/19,195,Call,26,26.8,0.3343,0.8513,0.0089,-0.0741,0.1912,0.1881
9/28/19,AAPL,11/15/19,195,Put,2.39,2.54,0.3388,-0.1624,0.0091,-0.066,0.2053,-0.0476
9/28/19,AAPL,11/15/19,205,Call,17.95,18.4,0.3084,0.7468,0.0133,-0.0908,0.2537,0.1724
9/28/19,AAPL,11/15/19,205,Put,4.1,4.35,0.3081,-0.2656,0.0134,-0.0792,0.2618,-0.0775
10/5/19,AAPL,10/18/19,195,Call,30.1,34.2,0.4043,0.9756,0.0032,-0.0473,0.0255,0.0725
10/5/19,AAPL,10/18/19,195,Put,0.16,0.18,0.4043,-0.0244,0.0032,-0.0365,0.0255,-0.0022
10/5/19,AAPL,10/18/19,205,Call,21.15,23.3,0.2433,0.9854,0.0034,-0.0254,0.0164,0.0772
10/5/19,AAPL,10/18/19,205,Put,0.37,0.44,0.3448,-0.0598,0.0078,-0.0643,0.0528,-0.0054
10/5/19,AAPL,11/1/19,192.5,Call,33.4,37.6,0.3952,0.9424,0.0046,-0.061,0.0725,0.1369
10/5/19,AAPL,11/1/19,192.5,Put,0.46,0.97,0.4103,-0.064,0.0049,-0.0569,0.0788,-0.0117
10/5/19,AAPL,11/1/19,205,Call,22.7,24.8,0.3424,0.8727,0.0097,-0.0898,0.131,0.1337
10/5/19,AAPL,11/1/19,205,Put,1.2,1.8,0.3478,-0.1307,0.0097,-0.0815,0.1347,-0.0223
10/5/19,AAPL,11/22/19,192.5,Call,33.8,37.95,0.3457,0.9226,0.0053,-0.0543,0.1238,0.1779
10/5/19,AAPL,11/22/19,192.5,Put,1.08,1.64,0.3566,-0.093,0.0056,-0.0491,0.1357,-0.0282
10/5/19,AAPL,11/22/19,205,Call,22.6,26.6,0.311,0.8389,0.0099,-0.0764,0.2049,0.1778
10/5/19,AAPL,11/22/19,205,Put,1.49,3.95,0.311,-0.1725,0.01,-0.0652,0.2146,-0.0514
10/12/19,AAPL,10/25/19,200,Call,34.8,38.7,0.5024,0.9598,0.0037,-0.0819,0.04,0.0728
10/12/19,AAPL,10/25/19,200,Put,0.14,0.21,0.4357,-0.0226,0.0027,-0.0384,0.0248,-0.0021
10/12/19,AAPL,11/8/19,200,Call,35,39.5,0.4077,0.9385,0.0045,-0.0676,0.0795,0.1416
10/12/19,AAPL,11/8/19,200,Put,0.75,0.95,0.4209,-0.0671,0.0047,-0.063,0.0851,-0.0128
10/12/19,AAPL,11/29/19,200,Call,35.4,39.8,0.3627,0.9147,0.0054,-0.063,0.1325,0.1697
10/12/19,AAPL,11/29/19,200,Put,1.2,3.55,0.3627,-0.0943,0.0054,-0.0526,0.1446,-0.0298
10/19/19,AAPL,11/1/19,200,Call,36.65,36.95,0.4633,0.9711,0.0031,-0.0604,0.0305,0.0739
10/19/19,AAPL,11/1/19,200,Put,0.31,0.36,0.4897,-0.0359,0.0035,-0.0635,0.0365,-0.0034
10/19/19,AAPL,11/15/19,200,Call,36.85,37.2,0.3756,0.9589,0.0038,-0.0506,0.0603,0.1122
10/19/19,AAPL,11/15/19,200,Put,0.63,0.7,0.3934,-0.058,0.0045,-0.0524,0.0757,-0.011
10/19/19,AAPL,12/20/19,200,Call,37.45,37.75,0.3061,0.9218,0.0053,-0.0476,0.1504,0.2433
10/19/19,AAPL,12/20/19,200,Put,1.21,1.39,0.3116,-0.0873,0.0052,-0.0374,0.1587,-0.0351
3/16/20,AAPL,3/27/20,205,Call,42.65,45.7,1.3205,0.8006,0.005,-0.7091,0.1175,0.0451
3/16/20,AAPL,3/27/20,205,Put,6.15,6.85,1.2839,-0.1944,0.0051,-0.6769,0.1156,-0.0152
3/16/20,AAPL,4/9/20,205,Call,47.05,50.1,1.1317,0.7648,0.0044,-0.4533,0.1909,0.0898
3/16/20,AAPL,4/9/20,205,Put,10,11.75,1.1112,-0.2325,0.0044,-0.4399,0.1938,-0.0409
3/16/20,AAPL,5/15/20,205,Call,52.55,55.6,0.8989,0.7405,0.0037,-0.2433,0.3166,0.1871
3/16/20,AAPL,5/15/20,205,Put,15.95,17.45,0.8852,-0.2613,0.0038,-0.234,0.3195,-0.1224
3/18/20,AAPL,4/3/20,195,Call,56.15,60.9,1.335,0.837,0.0036,-0.5339,0.1272,0.0648
3/18/20,AAPL,4/3/20,195,Put,3.85,5.05,1.1398,-0.1344,0.0037,-0.3975,0.1117,-0.0165
3/18/20,AAPL,4/17/20,195,Call,59.25,63.7,1.134,0.8126,0.0034,-0.3626,0.1902,0.1142
3/18/20,AAPL,4/17/20,195,Put,6.9,8.15,1.0172,-0.17,0.0035,-0.3024,0.1789,-0.0406
3/18/20,AAPL,5/15/20,195,Call,64.5,68.5,1.0054,0.7862,0.003,-0.2538,0.2895,0.1822
3/18/20,AAPL,5/15/20,195,Put,11.4,15.5,0.9486,-0.2099,0.0031,-0.2304,0.2763,-0.0969
3/20/20,AAPL,4/3/20,185,Call,46.7,48.95,1.0813,0.8687,0.0044,-0.3733,0.0956,0.058
3/20/20,AAPL,4/3/20,185,Put,3.15,4,1.0872,-0.1323,0.0044,-0.3726,0.0961,-0.013
3/20/20,AAPL,4/3/20,195,Call,38.5,40.5,1.0399,0.8155,0.0057,-0.4484,0.1196,0.0565
3/20/20,AAPL,4/3/20,195,Put,4.65,5.75,1.0407,-0.1847,0.0057,-0.4439,0.1197,-0.0182
3/20/20,AAPL,4/3/20,205,Call,30.8,32.55,0.9931,0.7498,0.0071,-0.51,0.1427,0.0537
3/20/20,AAPL,4/3/20,205,Put,6.8,7.95,0.9933,-0.2501,0.0072,-0.5068,0.1448,-0.023
3/20/20,AAPL,4/17/20,185,Call,49.15,51.5,0.9298,0.8325,0.0042,-0.2679,0.1591,0.1078
3/20/20,AAPL,4/17/20,185,Put,6,6.4,0.9449,-0.1701,0.0042,-0.2712,0.1568,-0.0325
3/20/20,AAPL,4/17/20,195,Call,41.25,43.45,0.8919,0.7827,0.0052,-0.3008,0.1866,0.1051
3/20/20,AAPL,4/17/20,195,Put,7.7,8.55,0.8991,-0.2185,0.0052,-0.3004,0.1873,-0.0415
3/20/20,AAPL,4/17/20,205,Call,33.8,35.95,0.8539,0.7237,0.0062,-0.3272,0.2123,0.1005
3/20/20,AAPL,4/17/20,205,Put,10.1,11.1,0.8582,-0.2768,0.0062,-0.3253,0.2147,-0.0521
3/20/20,AAPL,5/15/20,185,Call,54.15,55.8,0.8565,0.7927,0.0038,-0.2023,0.2528,0.1737
3/20/20,AAPL,5/15/20,185,Put,10.6,11.4,0.8592,-0.2117,0.0038,-0.1979,0.2556,-0.0853
3/20/20,AAPL,5/15/20,195,Call,46.7,48.3,0.8244,0.7485,0.0044,-0.2167,0.2913,0.1725
3/20/20,AAPL,5/15/20,195,Put,13.25,14,0.8292,-0.2561,0.0044,-0.2121,0.2934,-0.1028
3/20/20,AAPL,5/15/20,205,Call,39.9,41.25,0.7956,0.6983,0.005,-0.228,0.3117,0.1666
3/20/20,AAPL,5/15/20,205,Put,16.25,16.95,0.7961,-0.3055,0.0049,-0.2214,0.3137,-0.1227
3/23/20,AAPL,4/3/20,190,Call,34.5,39.3,0.9146,0.8705,0.0059,-0.3458,0.0821,0.0477
3/23/20,AAPL,4/3/20,190,Put,0.95,3.4,0.9146,-0.1292,0.0059,-0.3415,0.0818,-0.009
3/23/20,AAPL,4/3/20,200,Call,26.5,31,0.8913,0.7947,0.0082,-0.4529,0.1107,0.045
3/23/20,AAPL,4/3/20,200,Put,4.5,5.2,0.9382,-0.2149,0.008,-0.4841,0.1137,-0.016
3/23/20,AAPL,4/17/20,190,Call,38.1,40.85,0.786,0.8198,0.0057,-0.2462,0.1542,0.0989
3/23/20,AAPL,4/17/20,190,Put,5.5,6.55,0.8512,-0.1945,0.0055,-0.275,0.1613,-0.0318
3/23/20,AAPL,4/17/20,200,Call,30.2,33.55,0.7641,0.7512,0.0071,-0.288,0.1861,0.0936
3/23/20,AAPL,4/17/20,200,Put,7.7,8.85,0.8111,-0.2575,0.0068,-0.307,0.1888,-0.0418
3/23/20,AAPL,5/15/20,190,Call,41.65,45.6,0.7185,0.7748,0.005,-0.1802,0.2622,0.1687
3/23/20,AAPL,5/15/20,190,Put,8.85,10.45,0.7257,-0.2317,0.005,-0.1769,0.2658,-0.0831
3/23/20,AAPL,5/15/20,200,Call,33.6,37.3,0.6589,0.7228,0.0061,-0.184,0.2843,0.1646
3/23/20,AAPL,5/15/20,200,Put,11.55,13.05,0.6933,-0.2877,0.0058,-0.1887,0.2874,-0.1033
3/25/20,AAPL,4/9/20,195,Call,52.2,55.15,1.0292,0.887,0.0037,-0.3316,0.0954,0.0674
3/25/20,AAPL,4/9/20,195,Put,2.64,3.25,1.0149,-0.1103,0.0037,-0.3166,0.0937,-0.0123
3/25/20,AAPL,4/24/20,195,Call,53.8,56.5,0.8252,0.8634,0.0038,-0.216,0.1541,0.1288
3/25/20,AAPL,4/24/20,195,Put,4.1,5.55,0.8469,-0.1413,0.0038,-0.2223,0.1575,-0.0305
3/25/20,AAPL,5/15/20,195,Call,55.7,58.95,0.7431,0.837,0.0037,-0.1716,0.2201,0.1814
3/25/20,AAPL,5/15/20,195,Put,6.4,8.25,0.7593,-0.1716,0.0037,-0.172,0.2329,-0.0689
3/27/20,AAPL,4/9/20,185,Call,62.95,65.45,1.0664,0.9399,0.0024,-0.2332,0.0557,0.06
3/27/20,AAPL,4/9/20,185,Put,1.03,1.52,1.044,-0.0567,0.0023,-0.2136,0.0533,-0.0055
3/27/20,AAPL,4/9/20,190,Call,58.25,60.75,1.0365,0.9274,0.0029,-0.2619,0.0645,0.0606
3/27/20,AAPL,4/9/20,190,Put,1.26,1.6,0.9937,-0.0654,0.0027,-0.2272,0.0595,-0.0063
3/27/20,AAPL,4/9/20,200,Call,49.05,51.3,0.9644,0.8979,0.004,-0.3137,0.0833,0.0613
3/27/20,AAPL,4/9/20,200,Put,2,2.3,0.9379,-0.0967,0.0039,-0.2883,0.0801,-0.0093
3/27/20,AAPL,4/24/20,185,Call,64.5,67.25,0.8884,0.9054,0.0028,-0.1876,0.1156,0.1215
3/27/20,AAPL,4/24/20,185,Put,2.13,2.8,0.8401,-0.0843,0.0027,-0.1591,0.1068,-0.017
3/27/20,AAPL,4/24/20,190,Call,60.05,62.65,0.8649,0.8908,0.0032,-0.2024,0.1283,0.1222
3/27/20,AAPL,4/24/20,190,Put,2.62,3.8,0.8443,-0.1047,0.0031,-0.187,0.1245,-0.0224
3/27/20,AAPL,4/24/20,200,Call,51.2,53.8,0.8182,0.8557,0.004,-0.2319,0.1558,0.1223
3/27/20,AAPL,4/24/20,200,Put,4.2,4.7,0.8072,-0.1415,0.0041,-0.2215,0.155,-0.0285
3/27/20,AAPL,5/15/20,185,Call,66.55,68.4,0.7774,0.8822,0.0029,-0.1493,0.1729,0.174
3/27/20,AAPL,5/15/20,185,Put,4,4.85,0.7534,-0.1168,0.0029,-0.136,0.177,-0.0422
3/27/20,AAPL,5/15/20,190,Call,61.7,64.25,0.7521,0.8681,0.0032,-0.156,0.1946,0.1766
3/27/20,AAPL,5/15/20,190,Put,4.65,5.55,0.7387,-0.1333,0.0032,-0.1463,0.1985,-0.0481
3/27/20,AAPL,5/15/20,200,Call,54,55.85,0.7373,0.8265,0.0039,-0.1823,0.2358,0.1745
3/27/20,AAPL,5/15/20,200,Put,6.95,7.05,0.7225,-0.1749,0.0039,-0.1705,0.2332,-0.0674
3/30/20,AAPL,4/9/20,185,Call,68,72.5,1.0133,0.977,0.0013,-0.1214,0.023,0.0489
3/30/20,AAPL,4/9/20,185,Put,0.46,0.69,1.0849,-0.0304,0.0015,-0.1572,0.029,-0.0023
3/30/20,AAPL,4/9/20,190,Call,63.1,67.3,0.9185,0.9778,0.0014,-0.1077,0.0223,0.0503
3/30/20,AAPL,4/9/20,190,Put,0.6,0.77,1.0422,-0.0367,0.0018,-0.1764,0.0339,-0.0027
3/30/20,AAPL,4/9/20,195,Call,58.2,62.95,0.9722,0.9596,0.0021,-0.1834,0.0366,0.0503
3/30/20,AAPL,4/9/20,195,Put,0.74,0.93,1.0044,-0.0451,0.0022,-0.2007,0.04,-0.0034
3/30/20,AAPL,4/9/20,205,Call,48.7,53.4,0.9192,0.9343,0.0033,-0.2532,0.0539,0.0512
3/30/20,AAPL,4/9/20,205,Put,1.09,1.37,0.9277,-0.0673,0.0033,-0.2546,0.0549,-0.005
3/30/20,AAPL,4/24/20,185,Call,69.2,73.4,0.8186,0.9458,0.002,-0.1248,0.0734,0.1162
3/30/20,AAPL,4/24/20,185,Put,1.22,1.97,0.849,-0.0599,0.0021,-0.1343,0.0793,-0.0115
3/30/20,AAPL,4/24/20,190,Call,65.75,68.4,0.8523,0.9237,0.0025,-0.1676,0.0956,0.1152
3/30/20,AAPL,4/24/20,190,Put,1.46,2.26,0.8227,-0.0702,0.0025,-0.1471,0.0897,-0.0135
3/30/20,AAPL,4/24/20,195,Call,61.15,63.75,0.8291,0.9107,0.0029,-0.1833,0.1077,0.1161
3/30/20,AAPL,4/24/20,195,Put,2.35,2.62,0.8271,-0.0886,0.0029,-0.1769,0.1052,-0.0163
3/30/20,AAPL,4/24/20,205,Call,52.05,53.8,0.7483,0.8873,0.0038,-0.1958,0.1276,0.1186
3/30/20,AAPL,4/24/20,205,Put,3.3,3.55,0.7823,-0.1211,0.0039,-0.2098,0.1361,-0.0222
3/30/20,AAPL,5/15/20,185,Call,70.9,75.25,0.7568,0.9115,0.0024,-0.127,0.1498,0.1692
3/30/20,AAPL,5/15/20,185,Put,3.3,3.55,0.7624,-0.0947,0.0025,-0.1252,0.152,-0.0346
3/30/20,AAPL,5/15/20,190,Call,67.45,69.1,0.7213,0.9027,0.0027,-0.1297,0.1526,0.1723
3/30/20,AAPL,5/15/20,190,Put,3.75,4.05,0.7432,-0.1078,0.0028,-0.134,0.1671,-0.0394
3/30/20,AAPL,5/15/20,195,Call,63.05,64.6,0.7058,0.8875,0.0031,-0.1404,0.1737,0.1742
3/30/20,AAPL,5/15/20,195,Put,4.3,4.6,0.7248,-0.1223,0.0031,-0.1435,0.1788,-0.0423
3/30/20,AAPL,5/15/20,205,Call,54.35,55.95,0.6759,0.8517,0.0039,-0.1619,0.2155,0.1743
3/30/20,AAPL,5/15/20,205,Put,5.65,6,0.6918,-0.158,0.0039,-0.1629,0.2222,-0.0543
4/1/20,AAPL,4/17/20,185,Call,56.4,60.05,1.0089,0.9128,0.0031,-0.2568,0.08,0.0708
4/1/20,AAPL,4/17/20,185,Put,1.51,1.99,0.9452,-0.0755,0.003,-0.2115,0.0717,-0.0087
4/1/20,AAPL,4/17/20,195,Call,48,50,0.9352,0.881,0.0042,-0.2977,0.1002,0.0715
4/1/20,AAPL,4/17/20,195,Put,2.15,2.52,0.8653,-0.1038,0.0041,-0.2452,0.0909,-0.012
4/1/20,AAPL,4/17/20,205,Call,38.4,41.15,0.8406,0.8433,0.0057,-0.3227,0.121,0.0716
4/1/20,AAPL,4/17/20,205,Put,3.4,3.75,0.8236,-0.1524,0.0057,-0.306,0.1173,-0.0167
4/1/20,AAPL,5/1/20,185,Call,58.55,61.95,0.893,0.8776,0.0033,-0.2128,0.1401,0.1242
4/1/20,AAPL,5/1/20,185,Put,3.35,4,0.8554,-0.1142,0.0033,-0.19,0.1374,-0.0242
4/1/20,AAPL,5/1/20,195,Call,49.95,53.15,0.845,0.8407,0.0042,-0.2402,0.1675,0.1241
4/1/20,AAPL,5/1/20,195,Put,4.65,5.35,0.8161,-0.1528,0.0042,-0.2207,0.163,-0.0344
4/1/20,AAPL,5/1/20,205,Call,41.7,44.75,0.7993,0.7947,0.0052,-0.2658,0.1964,0.1218
4/1/20,AAPL,5/1/20,205,Put,6.25,7.5,0.7852,-0.2021,0.0052,-0.2543,0.1901,-0.0425
4/1/20,AAPL,5/15/20,185,Call,58.7,62.75,0.7775,0.8709,0.0033,-0.1633,0.1785,0.1529
4/1/20,AAPL,5/15/20,185,Put,4.95,5.35,0.787,-0.1362,0.0033,-0.1624,0.183,-0.043
4/1/20,AAPL,5/15/20,195,Call,51.1,54.15,0.7613,0.8278,0.0041,-0.1925,0.2188,0.1526
4/1/20,AAPL,5/15/20,195,Put,6.35,6.75,0.7441,-0.1735,0.0041,-0.1793,0.2137,-0.0581
4/1/20,AAPL,5/15/20,205,Call,43.25,46.5,0.7384,0.7786,0.0049,-0.2163,0.2424,0.1494
4/1/20,AAPL,5/15/20,205,Put,6.8,9,0.6851,-0.2148,0.0051,-0.1885,0.2461,-0.0668
4/3/20,AAPL,4/17/20,185,Call,55,59.25,0.811,0.9606,0.0022,-0.1213,0.0402,0.067
4/3/20,AAPL,4/17/20,185,Put,0.71,0.73,0.8292,-0.0424,0.0023,-0.1263,0.0427,-0.0042
4/3/20,AAPL,4/17/20,195,Call,45.3,49.55,0.7348,0.9405,0.0034,-0.1519,0.056,0.0688
4/3/20,AAPL,4/17/20,195,Put,1.1,1.2,0.7704,-0.0676,0.0036,-0.1697,0.0618,-0.0067